"STATION","NAME","DATE","MLY-CLDD-BASE45","MLY-CLDD-BASE50","MLY-CLDD-BASE55","MLY-CLDD-BASE57","MLY-CLDD-BASE60","MLY-CLDD-BASE70","MLY-CLDD-BASE72","MLY-CLDD-NORMAL","MLY-DUTR-NORMAL","MLY-DUTR-STDDEV","MLY-GRDD-BASE40","MLY-GRDD-BASE45","MLY-GRDD-BASE50","MLY-GRDD-BASE55","MLY-GRDD-BASE57","MLY-GRDD-BASE60","MLY-GRDD-BASE65","MLY-GRDD-BASE70","MLY-GRDD-BASE72","MLY-GRDD-TB4886","MLY-GRDD-TB5086","MLY-HTDD-BASE40","MLY-HTDD-BASE45","MLY-HTDD-BASE50","MLY-HTDD-BASE55","MLY-HTDD-BASE57","MLY-HTDD-BASE60","MLY-HTDD-NORMAL","MLY-PRCP-25PCTL","MLY-PRCP-50PCTL","MLY-PRCP-75PCTL","MLY-PRCP-AVGNDS-GE001HI","MLY-PRCP-AVGNDS-GE010HI","MLY-PRCP-AVGNDS-GE050HI","MLY-PRCP-AVGNDS-GE100HI","MLY-PRCP-NORMAL","MLY-SNOW-25PCTL","MLY-SNOW-50PCTL","MLY-SNOW-75PCTL","MLY-SNOW-AVGNDS-GE001TI","MLY-SNOW-AVGNDS-GE010TI","MLY-SNOW-AVGNDS-GE030TI","MLY-SNOW-AVGNDS-GE050TI","MLY-SNOW-AVGNDS-GE100TI","MLY-SNOW-NORMAL","MLY-SNWD-AVGNDS-GE001WI","MLY-SNWD-AVGNDS-GE003WI","MLY-SNWD-AVGNDS-GE005WI","MLY-SNWD-AVGNDS-GE010WI","MLY-TAVG-NORMAL","MLY-TAVG-STDDEV","MLY-TMAX-AVGNDS-GRTH040","MLY-TMAX-AVGNDS-GRTH050","MLY-TMAX-AVGNDS-GRTH060","MLY-TMAX-AVGNDS-GRTH070","MLY-TMAX-AVGNDS-GRTH080","MLY-TMAX-AVGNDS-GRTH090","MLY-TMAX-AVGNDS-GRTH100","MLY-TMAX-AVGNDS-LSTH032","MLY-TMAX-NORMAL","MLY-TMAX-STDDEV","MLY-TMIN-AVGNDS-LSTH000","MLY-TMIN-AVGNDS-LSTH010","MLY-TMIN-AVGNDS-LSTH020","MLY-TMIN-AVGNDS-LSTH032","MLY-TMIN-AVGNDS-LSTH040","MLY-TMIN-AVGNDS-LSTH050","MLY-TMIN-AVGNDS-LSTH060","MLY-TMIN-AVGNDS-LSTH070","MLY-TMIN-NORMAL","MLY-TMIN-PRBOCC-LSTH016","MLY-TMIN-PRBOCC-LSTH020","MLY-TMIN-PRBOCC-LSTH024","MLY-TMIN-PRBOCC-LSTH028","MLY-TMIN-PRBOCC-LSTH032","MLY-TMIN-PRBOCC-LSTH036","MLY-TMIN-STDDEV"
"USC00456295","PALMER 3 ESE, WA US","01","13","1","-7777","0","0","0","0","0","10.6","1.4","61","13","1","-7777","0","0","0","0","0","20","12","83","190","333","487","549","642","797","8.06","11.59","13.39","19.9","16.5","8.0","3.1","11.03","0.0","2.0","4.5","2.1","1.9","0.9","0.2","-7777","5.3","4.3","2.5","1.4","0.6","39.3","2.7","236","6.4","2","0","0","0.0","0.0","1.0","44.6","2.9","0.0","1","7","10.4","265","310","310","310","34.0","168","327","615","877","987","1000","2.8"
"USC00456295","PALMER 3 ESE, WA US","02","23","3","-7777","-7777","0","0","0","0","13.7","1.7","78","23","3","-7777","-7777","0","0","0","0","35","24","57","142","262","399","455","539","679","5.41","7.01","10.00","17.1","12.5","5.5","1.8","7.74","0.0","0.3","5.5","1.6","1.4","0.5","0.1","-7777","3.4","2.9","1.6","1.0","0.5","40.7","3.1","245","10.0","12","0","0","0.0","0.0","0.3","47.6","3.4","-7777","1","9","10.0","232","279","280","280","33.9","132","275","515","800","963","1000","3.1"
"USC00456295","PALMER 3 ESE, WA US","03","50","11","1","-7777","-7777","0","0","0","15.8","1.7","138","50","11","1","-7777","-7777","0","0","0","78","60","21","87","203","349","410","502","657","7.76","8.66","10.66","21.5","16.5","6.8","2.2","9.08","0.0","0.0","3.2","0.9","0.6","0.2","0.1","-7777","2.0","0.8","0.3","0.1","0.0","43.8","2.5","299","16.9","46","2","0","0.0","0.0","-7777","51.7","3.0","0.0","0","1","5.3","253","310","310","310","35.9","5","47","111","393","848","1000","2.1"
"USC00456295","PALMER 3 ESE, WA US","04","108","40","12","7","3","-7777","0","-7777","18.3","2.0","227","108","40","12","7","3","-7777","-7777","0","136","111","4","34","117","239","293","379","527","5.85","7.61","8.67","19.6","14.8","5.5","1.4","7.37","0.0","0.0","0.5","0.4","0.3","0.0","0.0","0.0","0.4","0.2","0.0","0.0","0.0","47.4","2.1","299","23.3","89","26","3","0.0","0.0","0.0","56.6","2.6","0.0","0","0","1.2","203","297","300","300","38.3","0","0","5","123","571","978","2.0"
"USC00456295","PALMER 3 ESE, WA US","05","255","130","56","38","19","1","-7777","5","19.3","2.6","406","255","130","56","38","19","5","1","-7777","235","201","-7777","4","34","115","159","233","374","4.95","6.43","8.00","17.9","12.8","4.5","1.5","6.39","0.0","0.0","0.0","0.0","0.0","0.0","0.0","0.0","0.0","0.0","0.0","0.0","0.0","53.1","2.2","310","29.7","165","69","15","0.1","0.0","0.0","62.7","3.1","0.0","0","0","-7777","76","282","310","310","43.5","0","0","0","0","83","610","2.0"
"USC00456295","PALMER 3 ESE, WA US","06","384","237","115","80","45","3","1","14","19.5","2.6","534","384","237","115","80","45","14","3","1","315","273","0","-7777","3","31","56","111","230","3.30","5.49","7.39","14.8","10.5","4.0","1.1","5.34","0.0","0.0","0.0","0.0","0.0","0.0","0.0","0.0","0.0","0.0","0.0","0.0","0.0","57.8","2.4","300","29.9","237","112","34","0.4","0.0","0.0","67.6","3.4","0.0","0","0","0.0","4","219","299","300","48.0","0","0","0","0","0","36","1.8"
"USC00456295","PALMER 3 ESE, WA US","07","553","398","246","190","118","10","5","41","21.9","3.3","708","553","398","246","190","118","41","10","5","459","403","0","0","-7777","3","9","30","108","1.23","2.12","3.57","9.0","5.1","1.5","0.6","2.55","0.0","0.0","0.0","0.0","0.0","0.0","0.0","0.0","0.0","0.0","0.0","0.0","0.0","62.9","2.4","310","31.0","298","195","80","1.2","0.0","0.0","73.8","3.7","0.0","0","0","0.0","-7777","94","305","310","51.9","0","0","0","0","0","0","1.7"
"USC00456295","PALMER 3 ESE, WA US","08","573","418","265","206","130","9","5","46","22.2","2.2","728","573","418","265","206","130","46","9","5","479","423","0","0","0","1","5","22","92","1.28","1.92","3.41","7.8","4.7","1.7","0.7","2.56","0.0","0.0","0.0","0.0","0.0","0.0","0.0","0.0","0.0","0.0","0.0","0.0","0.0","63.5","1.5","310","31.0","302","213","89","0.8","0.0","0.0","74.6","2.2","0.0","0","0","0.0","-7777","81","304","310","52.4","0","0","0","0","0","0","1.4"
"USC00456295","PALMER 3 ESE, WA US","09","417","270","142","102","57","3","1","15","20.6","2.4","567","417","270","142","102","57","15","3","1","350","305","0","-7777","3","25","45","90","198","2.56","4.28","5.75","11.1","7.7","3.3","0.9","3.95","0.0","0.0","0.0","0.0","0.0","0.0","0.0","0.0","0.0","0.0","0.0","0.0","0.0","58.9","2.2","300","29.9","258","131","37","0.2","0.0","0.0","69.2","2.9","0.0","0","0","-7777","11","178","298","300","48.6","0","0","0","0","4","79","1.9"
"USC00456295","PALMER 3 ESE, WA US","10","189","81","25","15","5","-7777","-7777","-7777","16.2","2.0","333","189","81","25","15","5","-7777","-7777","-7777","175","143","1","12","59","159","210","294","444","5.35","6.93","9.36","16.2","12.3","5.2","2.0","7.29","0.0","0.0","0.0","-7777","-7777","0.0","0.0","0.0","-7777","-7777","0.0","0.0","0.0","50.7","1.9","309","28.4","118","27","3","0.0","0.0","0.0","58.8","2.4","0.0","0","0","0.6","97","288","310","310","42.6","0","0","0","36","323","815","1.8"
"USC00456295","PALMER 3 ESE, WA US","11","43","9","1","-7777","-7777","0","0","0","11.5","1.4","122","43","9","1","-7777","-7777","0","0","0","46","31","38","108","224","366","425","515","665","8.43","12.57","16.26","21.2","17.3","8.8","3.8","12.58","0.0","0.0","0.5","0.7","0.6","0.2","-7777","0.0","0.7","1.6","0.8","0.6","0.4","42.9","3.4","278","12.6","12","0","0","0.0","0.0","0.5","48.6","3.5","0.0","0","5","5.2","206","298","300","300","37.1","20","59","175","452","811","984","3.4"
"USC00456295","PALMER 3 ESE, WA US","12","6","-7777","-7777","-7777","0","0","0","0","10.2","1.3","39","6","-7777","-7777","-7777","0","0","0","0","11","6","110","232","382","536","598","691","846","8.33","9.48","11.64","19.4","15.7","7.5","2.8","9.85","0.0","1.5","6.0","2.1","1.6","0.5","0.2","-7777","3.9","3.7","1.6","1.0","0.3","37.7","2.8","217","4.1","-7777","0","0","0.0","0.0","1.6","42.8","2.9","0.0","2","15","12.5","283","310","310","310","32.6","162","296","527","848","990","1000","3.0"
"USW00024222","EVERETT SNOHOMISH CO AIRPORT, WA US","01","26","4","-7777","0","0","0","0","0","8.8","1.5","94","26","4","-7777","0","0","0","0","0","23","13","50","137","270","422","484","577","732",,,,,,,,"4.08",,,,,,,,,,,,,,"41.4","2.7","256","8.3","2","0","0","0.0","0.0","0.3","45.8","2.8","0.0","0","3","5.4","205","306","310","310","37.0","81","183","398","730","959","999","2.9"
"USW00024222","EVERETT SNOHOMISH CO AIRPORT, WA US","02","25","2","-7777","-7777","0","0","0","0","11.2","1.8","98","25","2","-7777","-7777","0","0","0","0","31","19","19","87","204","342","398","482","622",,,,,,,,"3.33",,,,,,,,,,,,,,"42.8","2.9","268","10.0","4","0","0","0.0","0.0","0.0","48.4","3.1","0.0","0","0","3.8","193","280","280","280","37.2","19","79","246","561","873","994","3.0"
"USW00024222","EVERETT SNOHOMISH CO AIRPORT, WA US","03","72","16","2","1","-7777","0","0","-7777","12.4","1.7","188","72","16","2","1","-7777","-7777","0","0","74","52","8","47","146","287","348","440","595",,,,,,,,"3.37",,,,,,,,,,,,,,"45.8","2.5","304","19.6","28","2","0","0.0","0.0","0.0","52.0","3.2","0.0","0","0","1.8","163","308","310","310","39.6","0","15","52","181","616","977","2.0"
"USW00024222","EVERETT SNOHOMISH CO AIRPORT, WA US","04","137","45","10","5","1","0","0","-7777","13.4","1.4","277","137","45","10","5","1","-7777","0","0","123","95","1","10","69","184","239","325","474",,,,,,,,"2.58",,,,,,,,,,,,,,"49.2","1.8","300","25.0","64","8","0","0.0","0.0","0.0","55.9","2.1","0.0","0","0","0.1","82","292","300","300","42.5","0","0","0","0","143","692","1.8"
"USW00024222","EVERETT SNOHOMISH CO AIRPORT, WA US","05","293","149","50","29","11","1","-7777","2","14.4","1.3","448","293","149","50","29","11","2","1","-7777","231","190","0","-7777","11","68","108","183","330",,,,,,,,"2.28",,,,,,,,,,,,,,"54.4","2.1","310","30.8","178","32","3","0.0","0.0","0.0","61.7","2.4","0.0","0","0","0.0","9","239","309","310","47.2","0","0","0","0","0","91","1.9"
"USW00024222","EVERETT SNOHOMISH CO AIRPORT, WA US","06","414","264","128","84","40","2","1","9","14.8","1.6","564","414","264","128","84","40","9","2","1","328","275","0","0","-7777","14","30","76","195",,,,,,,,"2.05",,,,,,,,,,,,,,"58.8","1.8","300","30.0","252","73","11","0.0","0.0","0.0","66.2","2.5","0.0","0","0","0.0","0","110","291","300","51.4","0","0","0","0","0","0","1.3"
"USW00024222","EVERETT SNOHOMISH CO AIRPORT, WA US","07","549","394","239","180","102","7","4","28","16.3","1.8","704","549","394","239","180","102","28","7","4","455","393","0","0","0","1","3","18","100",,,,,,,,"0.95",,,,,,,,,,,,,,"62.7","1.9","310","31.0","299","163","29","0.2","0.0","0.0","70.8","2.5","0.0","0","0","0.0","0","11","292","309","54.6","0","0","0","0","0","0","1.5"
"USW00024222","EVERETT SNOHOMISH CO AIRPORT, WA US","08","581","426","271","210","123","4","2","28","17.2","1.2","736","581","426","271","210","123","28","4","2","488","426","0","0","0","-7777","-7777","7","67",,,,,,,,"1.05",,,,,,,,,,,,,,"63.8","0.9","310","31.0","307","205","27","0.0","0.0","0.0","72.4","1.2","0.0","0","0","0.0","0","7","297","310","55.1","0","0","0","0","0","0","1.0"
"USW00024222","EVERETT SNOHOMISH CO AIRPORT, WA US","09","435","285","144","97","46","-7777","-7777","7","15.1","1.7","585","435","285","144","97","46","7","-7777","-7777","349","295","0","0","-7777","10","23","61","172",,,,,,,,"1.70",,,,,,,,,,,,,,"59.5","1.5","300","30.0","264","86","7","0.0","0.0","0.0","67.0","2.1","0.0","0","0","0.0","0","84","297","300","52.0","0","0","0","0","0","0","1.3"
"USW00024222","EVERETT SNOHOMISH CO AIRPORT, WA US","10","207","82","18","8","2","0","0","-7777","12.5","1.8","357","207","82","18","8","2","-7777","0","0","163","127","1","5","36","126","178","265","418",,,,,,,,"3.27",,,,,,,,,,,,,,"51.5","1.2","310","29.3","98","6","0","0.0","0.0","0.0","57.8","1.2","0.0","0","0","0.2","38","270","310","310","45.2","0","0","0","9","146","540","1.8"
"USW00024222","EVERETT SNOHOMISH CO AIRPORT, WA US","11","61","13","1","-7777","-7777","0","0","0","8.9","1.3","164","61","13","1","-7777","-7777","0","0","0","46","28","19","65","167","306","365","455","605",,,,,,,,"6.14",,,,,,,,,,,,,,"44.8","2.7","287","14.4","9","1","0","0.0","0.0","0.3","49.3","2.8","0.0","0","3","2.4","131","291","300","300","40.4","9","26","89","271","654","976","2.9"
"USW00024222","EVERETT SNOHOMISH CO AIRPORT, WA US","12","13","1","0","0","0","0","0","0","8.2","1.1","64","13","1","0","0","0","0","0","0","11","5","76","180","323","477","539","632","787",,,,,,,,"5.25",,,,,,,,,,,,,,"39.6","2.8","244","4.0","0","0","0","0.0","0.0","1.1","43.7","2.9","0.0","0","9","7.7","238","310","310","310","35.5","122","217","415","745","991","1000","2.7"
"USW00024233","SEATTLE TACOMA INTERNATIONAL AIRPORT, WA US","01","32","4","-7777","-7777","0","0","0","0","10.3","1.2","109","32","4","-7777","-7777","0","0","0","0","31","18","46","124","251","402","463","556","711","4.07","5.69","7.07","18.2","12.1","3.7","0.8","5.57","0.0","0.0","1.3","1.3","0.6","0.2","0.0","0.0","1.4","0.7","0.1","0.0","0.0","42.0","2.8","276","10.0","3","0","0","0.0","0.0","0.4","47.2","2.9","0.0","0","2","6.4","204","307","310","310","36.9","50","152","413","757","954","998","2.8"
"USW00024233","SEATTLE TACOMA INTERNATIONAL AIRPORT, WA US","02","38","6","-7777","-7777","0","0","0","0","13.1","1.8","120","38","6","-7777","-7777","0","0","0","0","48","31","25","83","190","325","381","465","605","2.05","3.41","4.47","14.7","9.1","2.0","0.3","3.50","0.0","0.4","2.1","0.9","0.5","0.2","0.1","0.0","1.7","0.9","0.4","0.3","0.0","43.4","2.6","267","13.0","13","0","0","0.0","0.0","0.1","49.9","2.7","0.0","-7777","2","5.5","189","277","280","280","36.9","28","93","291","622","900","1000","2.9"
"USW00024233","SEATTLE TACOMA INTERNATIONAL AIRPORT, WA US","03","83","18","2","1","-7777","0","0","-7777","14.4","1.3","207","83","18","2","1","-7777","-7777","0","0","96","71","5","36","126","266","326","419","574","2.67","3.72","4.16","16.9","10.6","1.6","0.3","3.72","0.0","0.0","0.2","0.5","0.3","0.1","0.1","0.0","0.8","0.4","0.1","0.1","0.0","46.5","2.3","307","22.8","44","2","0","0.0","0.0","0.0","53.7","2.8","0.0","0","-7777","1.6","171","308","310","310","39.3","0","5","40","167","613","973","2.0"
"USW00024233","SEATTLE TACOMA INTERNATIONAL AIRPORT, WA US","04","166","62","17","9","3","-7777","0","-7777","16.2","1.7","311","166","62","17","9","3","-7777","-7777","0","160","130","-7777","6","51","157","209","292","440","1.48","2.68","3.50","14.3","7.5","1.3","0.2","2.71","0.0","0.0","0.0","0.0","0.0","0.0","0.0","0.0","0.0","0.0","0.0","0.0","0.0","50.3","1.7","300","28.1","103","25","1","0.0","0.0","0.0","58.5","2.2","0.0","0","0","-7777","91","291","300","300","42.2","0","0","0","0","79","682","1.6"
"USW00024233","SEATTLE TACOMA INTERNATIONAL AIRPORT, WA US","05","341","192","81","53","25","1","-7777","6","17.4","2.0","496","341","192","81","53","25","6","1","-7777","279","238","0","-7777","6","50","84","149","285","1.34","1.93","2.78","12.0","6.0","0.8","-7777","1.94","0.0","0.0","0.0","0.0","0.0","0.0","0.0","0.0","0.0","0.0","0.0","0.0","0.0","56.0","2.1","310","30.9","218","68","15","0.1","0.0","0.0","64.7","2.8","0.0","0","0","0.0","12","230","309","310","47.3","0","0","0","0","0","51","1.7"
"USW00024233","SEATTLE TACOMA INTERNATIONAL AIRPORT, WA US","06","477","327","182","130","70","6","3","21","18.0","2.0","627","477","327","182","130","70","21","6","3","388","333","0","0","-7777","5","13","43","144","1.14","1.59","1.86","9.1","4.4","0.8","0.2","1.57","0.0","0.0","0.0","0.0","0.0","0.0","0.0","0.0","0.0","0.0","0.0","0.0","0.0","60.9","2.0","300","30.0","283","127","33","0.5","0.0","0.0","69.9","2.9","0.0","0","0","0.0","0","81","294","300","51.9","0","0","0","0","0","0","1.3"
"USW00024233","SEATTLE TACOMA INTERNATIONAL AIRPORT, WA US","07","642","487","332","270","181","20","12","71","20.2","2.1","797","642","487","332","270","181","71","20","12","542","480","0","0","0","-7777","-7777","5","49","0.28","0.58","1.10","5.0","2.3","0.2","0.0","0.70","0.0","0.0","0.0","0.0","0.0","0.0","0.0","0.0","0.0","0.0","0.0","0.0","0.0","65.7","2.3","310","31.0","308","234","86","1.4","-7777","0.0","75.8","3.2","0.0","0","0","0.0","0","5","283","310","55.6","0","0","0","0","0","0","1.6"
"USW00024233","SEATTLE TACOMA INTERNATIONAL AIRPORT, WA US","08","654","499","344","282","191","17","8","70","20.4","1.8","809","654","499","344","282","191","70","17","8","556","495","0","0","0","0","-7777","2","36","0.29","0.63","1.28","4.8","2.3","0.5","0.1","0.88","0.0","0.0","0.0","0.0","0.0","0.0","0.0","0.0","0.0","0.0","0.0","0.0","0.0","66.1","1.3","310","31.0","310","257","87","0.8","0.0","0.0","76.3","1.9","0.0","0","0","0.0","0","7","287","310","55.9","0","0","0","0","0","0","1.1"
"USW00024233","SEATTLE TACOMA INTERNATIONAL AIRPORT, WA US","09","489","339","194","143","81","3","1","21","18.4","2.5","639","489","339","194","143","81","21","3","1","403","349","0","0","-7777","6","14","42","132","0.78","1.29","1.90","7.9","4.1","0.7","0.1","1.50","0.0","0.0","0.0","0.0","0.0","0.0","0.0","0.0","0.0","0.0","0.0","0.0","0.0","61.3","1.7","300","30.0","282","142","35","0.2","0.0","0.0","70.5","2.7","0.0","0","0","0.0","1","86","297","300","52.1","0","0","0","0","0","0","1.4"
"USW00024233","SEATTLE TACOMA INTERNATIONAL AIRPORT, WA US","10","244","111","31","16","4","0","0","-7777","13.9","1.6","395","244","111","31","16","4","-7777","0","0","196","158","-7777","3","26","101","148","229","380","2.18","3.08","5.24","13.1","7.8","2.0","0.5","3.48","0.0","0.0","0.0","0.0","0.0","0.0","0.0","0.0","0.0","0.0","0.0","0.0","0.0","52.8","1.5","310","29.8","137","19","1","0.0","0.0","0.0","59.7","1.9","0.0","0","0","0.1","35","256","310","310","45.8","0","0","0","0","58","435","1.4"
"USW00024233","SEATTLE TACOMA INTERNATIONAL AIRPORT, WA US","11","71","15","1","-7777","-7777","0","0","0","10.9","1.4","180","71","15","1","-7777","-7777","0","0","0","61","40","17","57","152","288","347","436","586","4.07","5.68","8.43","18.4","13.2","4.1","1.2","6.57","0.0","0.0","0.0","0.3","0.2","0.1","0.1","0.0","1.2","0.8","0.6","0.3","0.0","45.4","2.8","289","17.4","11","-7777","0","0.0","0.0","0.3","50.9","3.0","0.0","0","3","2.6","139","291","300","300","40.0","6","29","90","287","694","977","2.8"
"USW00024233","SEATTLE TACOMA INTERNATIONAL AIRPORT, WA US","12","20","3","-7777","-7777","0","0","0","0","10.0","1.1","81","20","3","-7777","-7777","0","0","0","0","20","10","61","155","292","445","507","600","755","3.67","4.98","6.86","17.6","11.6","3.3","0.9","5.35","0.0","0.0","1.9","1.6","0.6","0.1","0.0","0.0","1.7","1.6","0.5","0.1","0.0","40.6","2.4","264","7.3","1","0","0","0.0","0.0","0.8","45.7","2.6","0.0","0","7","7.7","236","309","310","310","35.6","102","229","443","776","989","1000","2.4"
"USC00458278","TACOMA NUMBER 1, WA US","01","40","6","1","-7777","0","0","0","0","11.3","1.8","124","40","6","1","-7777","0","0","0","0","39","23","39","110","230","380","442","535","690","4.06","5.77","7.79","18.8","12.8","4.1","1.1","5.93",,,,,,,,,,,,,,"42.8","2.4","287","12.7","5","0","0","0.0","0.0","0.2","48.4","2.4","0.0","0","3","6.6","192","305","310","310","37.1","74","162","424","779","964","998","2.7"
"USC00458278","TACOMA NUMBER 1, WA US","02","43","6","-7777","-7777","0","0","0","0","13.9","1.5","130","43","6","-7777","-7777","0","0","0","0","55","37","21","74","177","311","367","451","591","2.55","3.63","4.85","14.9","9.5","2.0","0.4","3.86",,,,,,,,,,,,,,"43.9","2.4","273","16.6","10","0","0","0.0","0.0","0.1","50.9","2.3","0.0","0","5","6.1","184","277","280","280","36.9","17","99","312","672","947","1000","2.8"
"USC00458278","TACOMA NUMBER 1, WA US","03","107","29","4","1","-7777","0","0","0","15.7","2.2","240","107","29","4","1","-7777","0","0","0","121","92","3","25","102","231","291","383","538","3.15","4.16","4.77","17.3","11.7","2.0","0.3","4.06",,,,,,,,,,,,,,"47.7","2.1","309","26.6","59","4","0","0.0","0.0","0.0","55.5","2.5","0.0","0","-7777","2.7","155","302","310","310","39.8","4","19","39","215","719","974","2.2"
"USC00458278","TACOMA NUMBER 1, WA US","04","207","86","23","13","4","0","0","-7777","17.2","1.7","354","207","86","23","13","4","-7777","0","0","192","159","0","3","32","119","169","250","396","1.80","2.74","3.71","13.9","8.5","1.3","0.3","3.00",,,,,,,,,,,,,,"51.8","1.6","300","29.6","137","25","1","0.0","0.0","0.0","60.4","2.0","0.0","0","0","0.2","77","275","300","300","43.2","0","0","0","3","226","794","1.7"
"USC00458278","TACOMA NUMBER 1, WA US","05","381","230","104","68","32","1","-7777","6","18.2","2.1","536","381","230","104","68","32","6","1","-7777","316","271","0","-7777","3","33","59","116","245","1.15","1.92","2.57","10.6","5.9","1.2","0.1","2.11",,,,,,,,,,,,,,"57.3","2.0","310","31.0","258","84","12","-7777","0.0","0.0","66.4","2.5","0.0","0","0","0.0","15","195","309","310","48.2","0","0","0","0","0","117","2.0"
"USC00458278","TACOMA NUMBER 1, WA US","06","512","362","213","158","88","3","1","23","18.9","2.6","662","512","362","213","158","88","23","3","1","423","368","0","0","-7777","2","7","26","111","0.91","1.42","2.00","8.2","4.2","0.7","0.2","1.57",,,,,,,,,,,,,,"62.0","1.8","300","30.0","293","157","36","0.2","0.0","0.0","71.5","2.7","0.0","0","0","0.0","-7777","70","294","300","52.6","0","0","0","0","0","0","1.5"
"USC00458278","TACOMA NUMBER 1, WA US","07","668","513","358","296","204","14","6","75","20.9","2.5","823","668","513","358","296","204","75","14","6","572","511","0","0","0","0","-7777","1","27","0.20","0.61","1.04","4.1","2.1","0.4","0.0","0.68",,,,,,,,,,,,,,"66.6","2.1","310","31.0","310","274","91","0.5","0.0","0.0","77.0","2.8","0.0","0","0","0.0","0","13","272","310","56.1","0","0","0","0","0","0","2.0"
"USC00458278","TACOMA NUMBER 1, WA US","08","662","507","352","290","199","11","4","70","21.3","2.7","817","662","507","352","290","199","70","11","4","568","508","0","0","0","-7777","-7777","2","28","0.24","0.44","1.12","4.4","2.4","0.4","0.1","0.82",,,,,,,,,,,,,,"66.4","1.2","310","31.0","310","281","96","0.2","0.0","0.0","77.0","2.0","0.0","0","0","0.0","0","25","272","310","55.7","0","0","0","0","0","0","1.7"
"USC00458278","TACOMA NUMBER 1, WA US","09","493","344","198","144","77","1","-7777","15","19.7","2.9","643","493","344","198","144","77","15","1","-7777","415","364","0","-7777","-7777","4","11","34","121","0.39","1.12","1.91","6.6","3.6","0.6","0.0","1.29",,,,,,,,,,,,,,"61.5","1.5","300","30.0","295","167","24","-7777","0.0","0.0","71.3","2.1","0.0","0","0","0.0","5","103","291","300","51.6","0","0","0","0","0","23","2.0"
"USC00458278","TACOMA NUMBER 1, WA US","10","271","136","44","23","7","0","0","-7777","15.3","2.3","423","271","136","44","23","7","-7777","0","0","230","189","-7777","3","22","85","126","204","352","2.48","3.63","4.89","12.8","8.1","2.2","0.5","3.70",,,,,,,,,,,,,,"53.7","1.6","310","30.4","185","20","1","0.0","0.0","0.0","61.3","1.6","0.0","0","0","0.5","53","224","310","310","46.0","0","0","0","36","226","643","2.3"
"USC00458278","TACOMA NUMBER 1, WA US","11","94","26","3","1","-7777","0","0","0","12.2","1.6","209","94","26","3","1","-7777","0","0","0","83","58","15","49","131","258","316","405","555","3.65","6.22","8.69","19.3","13.1","4.0","1.4","6.68",,,,,,,,,,,,,,"46.5","2.7","291","21.5","23","0","0","0.0","0.0","0.2","52.6","2.7","0.0","-7777","3","3.6","128","281","300","300","40.4","12","40","146","417","845","994","2.9"
"USC00458278","TACOMA NUMBER 1, WA US","12","26","3","-7777","-7777","0","0","0","0","11.1","1.3","96","26","3","-7777","-7777","0","0","0","0","27","15","54","139","271","423","485","578","733","3.85","5.20","7.20","18.5","13.0","3.5","1.0","5.52",,,,,,,,,,,,,,"41.4","2.4","277","8.9","3","0","0","0.0","0.0","0.6","46.9","2.4","0.0","-7777","6","8.3","222","308","310","310","35.8","105","212","471","837","990","1000","2.5"
"USW00094274","TACOMA NARROWS AIRPORT, WA US","01","23","3","-7777","0","0","0","0","0","8.4","1.0","93","23","3","-7777","0","0","0","0","0","19","10","41","125","260","412","474","567","722",,,,,,,,"7.08",,,,,,,,,,,,,,"41.7","2.4","264","7.4","0","0","0","0.0","0.0","0.3","45.9","2.4","0.0","0","1","4.5","206","307","310","310","37.5","70","135","339","693","938","999","2.5"
"USW00094274","TACOMA NARROWS AIRPORT, WA US","02","20","1","-7777","-7777","0","0","0","0","11.4","1.4","99","20","1","-7777","-7777","0","0","0","0","30","17","12","74","194","333","389","473","613",,,,,,,,"4.51",,,,,,,,,,,,,,"43.1","2.1","272","10.7","3","0","0","0.0","0.0","0.0","48.8","2.2","0.0","0","0","2.3","194","280","280","280","37.4","12","86","263","557","896","999","2.3"
"USW00094274","TACOMA NARROWS AIRPORT, WA US","03","74","14","1","-7777","-7777","0","0","0","12.8","1.0","195","74","14","1","-7777","-7777","0","0","0","78","55","4","38","134","276","337","429","584",,,,,,,,"4.14",,,,,,,,,,,,,,"46.1","2.2","307","20.5","26","1","0","0.0","0.0","0.0","52.5","2.2","0.0","0","0","1.2","157","308","310","310","39.8","1","14","40","154","594","959","2.3"
"USW00094274","TACOMA NARROWS AIRPORT, WA US","04","158","54","13","6","1","0","0","0","15.9","2.0","302","158","54","13","6","1","0","0","0","152","123","-7777","6","53","161","214","300","448",,,,,,,,"3.18",,,,,,,,,,,,,,"50.0","1.9","300","27.5","94","17","0","0.0","0.0","0.0","58.0","2.4","0.0","0","0","0.0","94","295","300","300","42.1","0","0","0","0","168","747","1.9"
"USW00094274","TACOMA NARROWS AIRPORT, WA US","05","321","172","63","37","16","-7777","-7777","3","17.2","2.0","476","321","172","63","37","16","3","-7777","-7777","264","224","0","-7777","7","52","89","160","303",,,,,,,,"2.44",,,,,,,,,,,,,,"55.3","2.0","310","30.9","216","50","8","0.0","0.0","0.0","64.0","2.7","0.0","0","0","0.0","13","250","310","310","46.7","0","0","0","0","0","96","1.7"
"USW00094274","TACOMA NARROWS AIRPORT, WA US","06","458","308","165","117","61","4","1","17","18.3","2.3","608","458","308","165","117","61","17","4","1","371","319","0","0","-7777","7","19","54","160",,,,,,,,"1.69",,,,,,,,,,,,,,"60.3","2.0","300","30.0","277","121","30","0.3","0.0","0.0","69.4","2.9","0.0","0","0","0.0","0","111","298","300","51.1","0","0","0","0","0","0","1.5"
"USW00094274","TACOMA NARROWS AIRPORT, WA US","07","608","453","298","236","150","12","7","51","21.2","1.9","763","608","453","298","236","150","51","12","7","511","450","0","0","0","-7777","1","7","63",,,,,,,,"0.84",,,,,,,,,,,,,,"64.6","2.3","310","31.0","310","236","69","1.1","0.1","0.0","75.2","2.8","0.0","0","0","0.0","0","20","295","310","54.0","0","0","0","0","0","0","2.1"
"USW00094274","TACOMA NARROWS AIRPORT, WA US","08","623","468","313","251","161","7","3","49","20.6","1.6","778","623","468","313","251","161","49","7","3","528","467","0","0","0","0","-7777","3","46",,,,,,,,"1.01",,,,,,,,,,,,,,"65.1","1.2","310","31.0","310","255","74","0.3","0.0","0.0","75.4","1.8","0.0","0","0","0.0","0","13","305","310","54.8","0","0","0","0","0","0","0.9"
"USW00094274","TACOMA NARROWS AIRPORT, WA US","09","459","309","164","114","56","1","-7777","10","18.2","2.2","609","459","309","164","114","56","10","1","-7777","374","322","0","0","-7777","5","15","47","151",,,,,,,,"1.61",,,,,,,,,,,,,,"60.3","1.9","300","30.0","286","134","19","0.0","0.0","0.0","69.4","2.3","0.0","0","0","0.0","0","110","298","300","51.2","0","0","0","0","0","12","2.1"
"USW00094274","TACOMA NARROWS AIRPORT, WA US","10","236","101","23","10","2","0","0","-7777","12.5","1.4","389","236","101","23","10","2","-7777","0","0","182","144","-7777","2","22","99","148","233","386",,,,,,,,"3.91",,,,,,,,,,,,,,"52.5","1.2","310","30.1","127","7","0","0.0","0.0","0.0","58.8","1.6","0.0","0","0","0.0","21","257","310","310","46.3","0","0","0","0","66","385","1.2"
"USW00094274","TACOMA NARROWS AIRPORT, WA US","11","61","12","1","-7777","0","0","0","0","9.3","1.4","170","61","12","1","-7777","0","0","0","0","48","29","13","54","155","294","353","442","592",,,,,,,,"6.72",,,,,,,,,,,,,,"45.3","2.6","294","14.2","8","0","0","0.0","0.0","0.3","49.9","2.9","0.0","0","2","2.0","132","286","300","300","40.6","3","19","87","276","672","989","2.4"
"USW00094274","TACOMA NARROWS AIRPORT, WA US","12","14","1","0","0","0","0","0","0","8.7","1.0","71","14","1","0","0","0","0","0","0","13","6","52","150","292","446","508","601","756",,,,,,,,"5.89",,,,,,,,,,,,,,"40.6","2.4","268","4.6","0","0","0","0.0","0.0","0.6","45.0","2.5","0.0","0","4","5.7","240","309","310","310","36.2","91","181","401","735","968","1000","2.4"
"USC00459021","WAUNA 3 W, WA US","01",,,,,,,,,,,,,,,,,,,,,,,,,,,,,"5.98","7.26","11.24","18.8","13.9","5.8","2.3","8.13","0.0","0.0","0.0","-7777","0.0","0.0","0.0","0.0","-7777","0.0","0.0","0.0","0.0",,,,,,,,,,,,,,,,,,,,,,,,,,,,
"USC00459021","WAUNA 3 W, WA US","02",,,,,,,,,,,,,,,,,,,,,,,,,,,,,"3.17","5.04","6.89","15.2","10.7","3.7","1.2","5.41","0.0","0.0","0.0","0.2","0.1","0.1","-7777","0.0","-7777","0.1","0.1","-7777","0.0",,,,,,,,,,,,,,,,,,,,,,,,,,,,
"USC00459021","WAUNA 3 W, WA US","03",,,,,,,,,,,,,,,,,,,,,,,,,,,,,"4.19","4.85","6.50","18.3","12.0","3.8","0.7","5.43","0.0","0.0","0.0","0.0","0.0","0.0","0.0","0.0","0.0","-7777","-7777","-7777","0.0",,,,,,,,,,,,,,,,,,,,,,,,,,,,
"USC00459021","WAUNA 3 W, WA US","04",,,,,,,,,,,,,,,,,,,,,,,,,,,,,"1.97","2.93","4.65","15.3","9.7","1.7","0.5","3.58","0.0","0.0","0.0","0.0","0.0","0.0","0.0","0.0","0.0","0.0","0.0","0.0","0.0",,,,,,,,,,,,,,,,,,,,,,,,,,,,
"USC00459021","WAUNA 3 W, WA US","05",,,,,,,,,,,,,,,,,,,,,,,,,,,,,"1.38","2.04","3.39","11.8","6.7","1.2","0.2","2.34","0.0","0.0","0.0","0.0","0.0","0.0","0.0","0.0","0.0","0.0","0.0","0.0","0.0",,,,,,,,,,,,,,,,,,,,,,,,,,,,
"USC00459021","WAUNA 3 W, WA US","06",,,,,,,,,,,,,,,,,,,,,,,,,,,,,"1.04","1.65","2.52","9.0","4.7","0.9","0.3","1.82","0.0","0.0","0.0","0.0","0.0","0.0","0.0","0.0","0.0","0.0","0.0","0.0","0.0",,,,,,,,,,,,,,,,,,,,,,,,,,,,
"USC00459021","WAUNA 3 W, WA US","07",,,,,,,,,,,,,,,,,,,,,,,,,,,,,"0.23","0.58","1.17","5.0","2.2","0.4","-7777","0.79","0.0","0.0","0.0","0.0","0.0","0.0","0.0","0.0","0.0","0.0","0.0","0.0","0.0",,,,,,,,,,,,,,,,,,,,,,,,,,,,
"USC00459021","WAUNA 3 W, WA US","08",,,,,,,,,,,,,,,,,,,,,,,,,,,,,"0.36","0.59","1.70","5.2","2.5","0.7","0.1","1.03","0.0","0.0","0.0","0.0","0.0","0.0","0.0","0.0","0.0","0.0","0.0","0.0","0.0",,,,,,,,,,,,,,,,,,,,,,,,,,,,
"USC00459021","WAUNA 3 W, WA US","09",,,,,,,,,,,,,,,,,,,,,,,,,,,,,"0.60","1.31","2.18","7.3","4.0","0.9","0.2","1.61","0.0","0.0","0.0","0.0","0.0","0.0","0.0","0.0","0.0","0.0","0.0","0.0","0.0",,,,,,,,,,,,,,,,,,,,,,,,,,,,
"USC00459021","WAUNA 3 W, WA US","10",,,,,,,,,,,,,,,,,,,,,,,,,,,,,"2.27","4.54","5.82","13.0","8.7","3.3","1.0","4.66","0.0","0.0","0.0","0.0","0.0","0.0","0.0","0.0","0.0","0.0","0.0","0.0","0.0",,,,,,,,,,,,,,,,,,,,,,,,,,,,
"USC00459021","WAUNA 3 W, WA US","11",,,,,,,,,,,,,,,,,,,,,,,,,,,,,"5.48","7.62","12.26","19.1","14.5","6.2","2.5","8.81","0.0","0.0","0.0","0.1","0.1","0.1","-7777","0.0","0.5","0.0","0.0","0.0","0.0",,,,,,,,,,,,,,,,,,,,,,,,,,,,
"USC00459021","WAUNA 3 W, WA US","12",,,,,,,,,,,,,,,,,,,,,,,,,,,,,"5.01","7.41","10.70","18.1","13.6","5.6","2.1","8.17","0.0","0.0","0.0","0.1","0.1","-7777","0.0","0.0","0.2","-7777","-7777","0.0","0.0",,,,,,,,,,,,,,,,,,,,,,,,,,,,
"USW00094290","SEATTLE SAND PT WSFO, WA US","01","27","3","-7777","-7777","0","0","0","0","10.2","1.4","104","27","3","-7777","-7777","0","0","0","0","28","16","39","117","247","400","462","555","710","3.29","4.99","6.07","18.5","12.1","3.1","0.7","4.81","0.0","0.0","0.0","0.6","0.3","0.0","0.0","0.0","0.4","0.2","0.0","0.0","0.0","42.1","2.2","279","10.1","2","0","0","0.0","0.0","0.3","47.2","2.4","0.0","0","1","6.4","203","309","310","310","37.0","64","129","317","709","959","1000","2.3"
"USW00094290","SEATTLE SAND PT WSFO, WA US","02","31","3","-7777","-7777","0","0","0","0","13.1","1.8","116","31","3","-7777","-7777","0","0","0","0","47","31","19","75","186","323","379","463","603","2.09","3.08","4.44","14.1","7.6","1.4","0.1","3.31","0.0","0.0","0.0","0.4","0.2","0.1","0.0","0.0","0.6","0.3","0.1","0.0","0.0","43.4","2.3","269","13.3","14","0","0","0.0","0.0","0.0","50.0","2.4","0.0","0","1","5.0","190","280","280","280","36.9","15","76","273","616","917","1000","2.6"
"USW00094290","SEATTLE SAND PT WSFO, WA US","03","81","16","2","-7777","-7777","0","0","0","14.5","1.2","207","81","16","2","-7777","-7777","0","0","0","97","72","4","33","123","263","324","417","572","2.60","3.46","3.93","17.1","10.1","1.7","0.4","3.51","0.0","0.0","0.0","0.1","0.0","0.0","0.0","0.0","-7777","0.0","0.0","0.0","0.0","46.6","2.0","308","23.0","45","3","0","0.0","0.0","0.0","53.8","2.4","0.0","0","0","1.6","173","310","310","310","39.3","0","20","41","152","670","986","1.8"
"USW00094290","SEATTLE SAND PT WSFO, WA US","04","169","58","12","6","1","0","0","-7777","16.0","1.7","315","169","58","12","6","1","-7777","0","0","160","130","-7777","4","43","147","200","286","435","2.10","2.68","2.94","15.0","8.2","1.3","0.1","2.77","0.0","0.0","0.0","0.0","0.0","0.0","0.0","0.0","0.0","0.0","0.0","0.0","0.0","50.5","1.6","300","28.4","105","12","1","0.0","0.0","0.0","58.5","2.0","0.0","0","0","-7777","80","293","300","300","42.5","0","0","0","0","114","711","1.5"
"USW00094290","SEATTLE SAND PT WSFO, WA US","05","343","193","78","49","21","-7777","-7777","3","16.5","1.8","497","343","193","78","49","21","3","-7777","-7777","277","234","0","-7777","5","46","78","144","281","1.34","1.95","2.91","12.5","6.5","1.0","0.1","2.16","0.0","0.0","0.0","0.0","0.0","0.0","0.0","0.0","0.0","0.0","0.0","0.0","0.0","56.0","2.2","310","30.9","222","63","8","0.0","0.0","0.0","64.3","2.8","0.0","0","0","0.0","12","214","310","310","47.8","0","0","0","0","0","58","1.9"
"USW00094290","SEATTLE SAND PT WSFO, WA US","06","480","330","184","130","65","2","1","14","17.4","1.8","630","480","330","184","130","65","14","2","1","392","336","0","0","-7777","4","10","35","134","1.04","1.54","2.25","9.9","4.8","0.7","0.1","1.63","0.0","0.0","0.0","0.0","0.0","0.0","0.0","0.0","0.0","0.0","0.0","0.0","0.0","61.0","1.8","300","30.0","284","131","21","-7777","0.0","0.0","69.7","2.5","0.0","0","0","0.0","0","74","297","300","52.3","0","0","0","0","0","0","1.2"
"USW00094290","SEATTLE SAND PT WSFO, WA US","07","648","493","338","276","185","15","8","65","19.6","2.5","803","648","493","338","276","185","65","15","8","551","490","0","0","0","-7777","-7777","2","37","0.30","0.72","1.10","5.8","2.1","0.2","0.0","0.79","0.0","0.0","0.0","0.0","0.0","0.0","0.0","0.0","0.0","0.0","0.0","0.0","0.0","65.9","1.8","310","31.0","309","248","76","0.7","-7777","0.0","75.7","2.9","0.0","0","0","0.0","0","3","278","310","56.1","0","0","0","0","0","0","1.2"
"USW00094290","SEATTLE SAND PT WSFO, WA US","08","668","513","358","296","204","14","6","75","19.5","1.5","823","668","513","358","296","204","75","14","6","572","511","0","0","0","-7777","-7777","1","27","0.33","0.60","1.24","5.7","3.0","0.6","0.1","0.97","0.0","0.0","0.0","0.0","0.0","0.0","0.0","0.0","0.0","0.0","0.0","0.0","0.0","66.5","1.4","310","31.0","310","262","83","0.4","0.0","0.0","76.3","1.8","0.0","0","0","0.0","0","4","263","310","56.8","0","0","0","0","0","0","1.3"
"USW00094290","SEATTLE SAND PT WSFO, WA US","09","498","348","202","149","83","2","1","19","18.2","1.9","648","498","348","202","149","83","19","2","1","412","358","0","0","-7777","4","11","35","121","0.64","1.67","2.06","7.8","4.0","0.8","-7777","1.52","0.0","0.0","0.0","0.0","0.0","0.0","0.0","0.0","0.0","0.0","0.0","0.0","0.0","61.6","1.7","300","30.0","286","159","27","0.1","0.0","0.0","70.7","2.3","0.0","0","0","0.0","0","75","296","300","52.5","0","0","0","0","0","0","1.5"
"USW00094290","SEATTLE SAND PT WSFO, WA US","10","260","123","35","17","4","-7777","0","-7777","13.7","1.5","412","260","123","35","17","4","-7777","-7777","0","207","167","-7777","3","21","88","132","212","363","2.03","3.41","4.41","13.2","7.8","2.0","0.3","3.41","0.0","0.0","0.0","0.0","0.0","0.0","0.0","0.0","0.0","0.0","0.0","0.0","0.0","53.3","1.8","310","29.7","148","17","2","0.0","0.0","0.0","60.1","2.0","0.0","0","0","0.1","24","236","310","310","46.5","0","0","0","2","58","349","1.8"
"USW00094290","SEATTLE SAND PT WSFO, WA US","11","78","18","2","1","-7777","0","0","0","10.4","1.6","195","78","18","2","1","-7777","0","0","0","66","43","9","42","132","266","325","414","564","4.53","5.42","7.17","18.5","12.6","3.8","1.0","5.84","0.0","0.0","0.0","0.1","0.1","0.1","0.0","0.0","0.3","0.2","0.0","0.0","0.0","46.2","2.9","296","18.6","12","-7777","0","0.0","0.0","0.1","51.4","2.9","0.0","0","1","1.9","123","285","300","300","41.0","3","21","75","224","566","960","3.0"
"USW00094290","SEATTLE SAND PT WSFO, WA US","12","18","1","-7777","0","0","0","0","0","9.6","1.2","84","18","1","-7777","0","0","0","0","0","18","9","50","139","277","431","493","586","741","3.94","5.06","6.97","18.8","11.8","3.2","1.1","5.43","0.0","0.0","2.0","0.9","0.6","0.3","0.2","0.0","2.3","1.6","1.0","0.5","0.0","41.1","2.2","272","7.2","-7777","0","0","0.0","0.0","0.6","45.9","2.3","0.0","-7777","6","6.4","228","310","310","310","36.3","84","174","376","729","980","1000","2.3"
"USW00024234","SEATTLE BOEING FIELD, WA US","01","30","5","-7777","0","0","0","0","0","11.1","1.4","107","30","5","-7777","0","0","0","0","0","33","20","37","116","245","396","457","550","705",,,,,,,,"5.72",,,,,,,,,,,,,,"42.3","2.5","285","11.3","3","0","0","0.0","0.0","0.3","47.8","2.6","0.0","0","4","6.3","223","307","310","310","36.7","45","157","411","776","973","1000","2.7"
"USW00024234","SEATTLE BOEING FIELD, WA US","02","26","2","-7777","-7777","0","0","0","0","14.1","2.2","107","26","2","-7777","-7777","0","0","0","0","45","28","13","72","188","326","382","466","606",,,,,,,,"3.89",,,,,,,,,,,,,,"43.3","2.4","277","15.1","6","0","0","0.0","0.0","0.0","50.4","2.0","0.0","0","0","6.1","206","280","280","280","36.3","15","94","321","673","934","999","3.2"
"USW00024234","SEATTLE BOEING FIELD, WA US","03","95","24","3","1","-7777","0","0","0","14.2","1.3","222","95","24","3","1","-7777","0","0","0","101","74","5","33","117","251","311","403","558",,,,,,,,"3.76",,,,,,,,,,,,,,"47.0","2.2","307","23.8","39","2","0","0.0","0.0","0.0","54.1","2.5","0.0","0","0","2.3","153","306","310","310","39.9","0","4","41","198","627","963","2.0"
"USW00024234","SEATTLE BOEING FIELD, WA US","04","192","76","19","10","3","0","0","-7777","14.9","2.4","339","192","76","19","10","3","-7777","0","0","166","134","0","3","37","130","181","264","411",,,,,,,,"2.94",,,,,,,,,,,,,,"51.3","2.2","300","27.7","106","20","1","0.0","0.0","0.0","58.7","2.3","0.0","0","0","0.1","59","275","300","300","43.9","0","0","0","0","141","556","2.7"
"USW00024234","SEATTLE BOEING FIELD, WA US","05","349","200","81","50","22","1","-7777","5","17.4","2.3","503","349","200","81","50","22","5","1","-7777","287","244","0","-7777","6","42","74","138","276",,,,,,,,"2.68",,,,,,,,,,,,,,"56.3","2.2","310","31.0","237","64","9","0.0","0.0","0.0","65.0","2.5","0.0","0","0","0.3","13","222","310","310","47.5","0","0","0","0","15","162","2.5"
"USW00024234","SEATTLE BOEING FIELD, WA US","06","509","359","212","159","91","6","3","28","16.7","1.6","659","509","359","212","159","91","28","6","3","419","362","0","0","0","4","11","33","119",,,,,,,,"1.47",,,,,,,,,,,,,,"62.0","2.3","300","30.0","282","135","33","0.2","0.0","0.0","70.3","2.9","0.0","0","0","0.0","0","50","288","300","53.6","0","0","0","0","0","0","1.8"
"USW00024234","SEATTLE BOEING FIELD, WA US","07","671","516","361","299","208","24","13","85","18.1","1.8","826","671","516","361","299","208","85","24","13","574","512","0","0","0","-7777","-7777","2","34",,,,,,,,"0.84",,,,,,,,,,,,,,"66.7","2.1","310","31.0","310","240","77","1.0","0.1","0.0","75.7","2.8","0.0","0","0","0.0","0","1","242","309","57.6","0","0","0","0","0","0","1.6"
"USW00024234","SEATTLE BOEING FIELD, WA US","08","682","527","372","310","218","17","8","86","18.5","1.9","837","682","527","372","310","218","86","17","8","587","525","0","0","0","0","-7777","1","24",,,,,,,,"0.99",,,,,,,,,,,,,,"67.0","1.6","310","31.0","310","264","84","0.3","0.0","0.0","76.2","2.3","0.0","0","0","0.0","0","3","237","310","57.8","0","0","0","0","0","0","1.4"
"USW00024234","SEATTLE BOEING FIELD, WA US","09","496","346","201","148","82","2","-7777","19","17.5","2.1","646","496","346","201","148","82","19","2","-7777","411","357","0","0","-7777","4","11","35","123",,,,,,,,"1.62",,,,,,,,,,,,,,"61.6","1.6","300","30.0","292","155","22","0.0","0.0","0.0","70.3","2.3","0.0","0","0","0.0","0","75","291","300","52.8","0","0","0","0","0","0","1.4"
"USW00024234","SEATTLE BOEING FIELD, WA US","10","251","116","30","14","3","-7777","0","-7777","14.2","1.4","403","251","116","30","14","3","-7777","-7777","0","205","165","-7777","3","23","92","138","220","372",,,,,,,,"3.73",,,,,,,,,,,,,,"53.0","1.3","310","30.5","153","10","0","0.0","0.0","0.0","60.1","1.4","0.0","0","0","0.1","42","237","310","310","45.9","0","0","0","4","76","486","1.6"
"USW00024234","SEATTLE BOEING FIELD, WA US","11","75","18","2","1","-7777","0","0","0","11.9","1.7","186","75","18","2","1","-7777","0","0","0","69","46","14","53","146","279","338","428","578",,,,,,,,"6.50",,,,,,,,,,,,,,"45.7","2.7","295","19.4","13","0","0","0.0","0.0","0.3","51.7","2.5","0.0","0","3","3.8","143","286","300","300","39.8","10","40","135","361","751","995","3.1"
"USW00024234","SEATTLE BOEING FIELD, WA US","12","19","2","-7777","0","0","0","0","0","10.7","1.2","85","19","2","-7777","0","0","0","0","0","21","11","58","147","286","438","500","593","748",,,,,,,,"5.74",,,,,,,,,,,,,,"40.9","2.6","269","8.1","1","0","0","0.0","0.0","0.8","46.2","2.6","0.0","0","10","8.1","237","309","310","310","35.5","101","224","436","794","995","1000","2.8"
"USC00458508","TOLT SOUTH FORK RESERVOIR, WA US","01",,,,,,,,,,,,,,,,,,,,,,,,,,,,,"9.43","12.19","17.62","21.1","17.2","9.6","4.3","12.90","0.0","6.0","22.1","4.8","3.8","1.9","1.0","0.1","11.4","8.2","6.4","5.6","2.3",,,,,,,,,,,,,,,,,,,,,,,,,,,,
"USC00458508","TOLT SOUTH FORK RESERVOIR, WA US","02",,,,,,,,,,,,,,,,,,,,,,,,,,,,,"6.25","7.91","11.06","17.2","13.7","6.0","2.2","8.13","0.0","3.0","10.0","3.3","2.7","1.0","0.5","0.1","6.1","6.7","4.2","3.1","0.8",,,,,,,,,,,,,,,,,,,,,,,,,,,,
"USC00458508","TOLT SOUTH FORK RESERVOIR, WA US","03",,,,,,,,,,,,,,,,,,,,,,,,,,,,,"8.52","9.60","11.65","21.9","17.9","7.4","2.3","10.13","0.0","2.5","12.8","3.6","3.0","1.8","1.0","0.2","6.7","3.7","2.8","1.8","0.8",,,,,,,,,,,,,,,,,,,,,,,,,,,,
"USC00458508","TOLT SOUTH FORK RESERVOIR, WA US","04",,,,,,,,,,,,,,,,,,,,,,,,,,,,,"6.87","8.66","10.16","20.6","15.7","6.4","1.8","8.62","0.0","0.0","5.0","1.4","1.2","0.6","0.3","0.0","4.1","2.0","1.3","0.8","0.3",,,,,,,,,,,,,,,,,,,,,,,,,,,,
"USC00458508","TOLT SOUTH FORK RESERVOIR, WA US","05",,,,,,,,,,,,,,,,,,,,,,,,,,,,,"5.86","7.08","8.32","17.9","13.3","5.6","1.8","7.17","0.0","0.0","0.0","0.2","0.2","-7777","0.0","0.0","0.4","0.1","0.1","0.0","0.0",,,,,,,,,,,,,,,,,,,,,,,,,,,,
"USC00458508","TOLT SOUTH FORK RESERVOIR, WA US","06",,,,,,,,,,,,,,,,,,,,,,,,,,,,,"3.02","6.18","8.29","15.2","10.6","4.3","1.7","5.93","0.0","0.0","0.0","0.0","0.0","0.0","0.0","0.0","0.0","0.0","0.0","0.0","0.0",,,,,,,,,,,,,,,,,,,,,,,,,,,,
"USC00458508","TOLT SOUTH FORK RESERVOIR, WA US","07",,,,,,,,,,,,,,,,,,,,,,,,,,,,,"1.29","2.33","3.78","9.0","5.6","1.8","0.5","2.89","0.0","0.0","0.0","0.0","0.0","0.0","0.0","0.0","0.0","0.0","0.0","0.0","0.0",,,,,,,,,,,,,,,,,,,,,,,,,,,,
"USC00458508","TOLT SOUTH FORK RESERVOIR, WA US","08",,,,,,,,,,,,,,,,,,,,,,,,,,,,,"1.24","2.27","3.60","8.9","5.0","2.0","0.5","2.68","0.0","0.0","0.0","0.0","0.0","0.0","0.0","0.0","0.0","0.0","0.0","0.0","0.0",,,,,,,,,,,,,,,,,,,,,,,,,,,,
"USC00458508","TOLT SOUTH FORK RESERVOIR, WA US","09",,,,,,,,,,,,,,,,,,,,,,,,,,,,,"3.22","5.26","6.86","12.1","8.5","4.1","1.4","5.39","0.0","0.0","0.0","0.0","0.0","0.0","0.0","0.0","0.0","0.0","0.0","0.0","0.0",,,,,,,,,,,,,,,,,,,,,,,,,,,,
"USC00458508","TOLT SOUTH FORK RESERVOIR, WA US","10",,,,,,,,,,,,,,,,,,,,,,,,,,,,,"6.28","9.18","12.35","17.6","13.4","7.1","2.8","9.64","0.0","0.0","0.0","0.1","0.1","-7777","0.0","0.0","0.2","0.1","0.1","0.0","0.0",,,,,,,,,,,,,,,,,,,,,,,,,,,,
"USC00458508","TOLT SOUTH FORK RESERVOIR, WA US","11",,,,,,,,,,,,,,,,,,,,,,,,,,,,,"9.77","14.76","18.22","22.2","18.5","10.5","4.9","14.75","0.0","1.0","10.5","2.1","1.7","1.0","0.7","0.2","8.6","2.9","2.4","1.8","0.7",,,,,,,,,,,,,,,,,,,,,,,,,,,,
"USC00458508","TOLT SOUTH FORK RESERVOIR, WA US","12",,,,,,,,,,,,,,,,,,,,,,,,,,,,,"9.46","11.46","13.70","21.0","16.8","8.2","3.7","11.20","0.0","5.1","11.3","4.6","3.7","1.6","0.7","0.1","6.8","6.8","5.6","4.1","1.5",,,,,,,,,,,,,,,,,,,,,,,,,,,,
"USC00454486","LANDSBURG, WA US","01","10","1","-7777","0","0","0","0","0","11.6","2.5","58","10","1","-7777","0","0","0","0","0","20","11","83","190","336","490","552","645","800","5.57","8.11","9.21","20.1","14.7","5.3","1.9","7.85","0.0","0.0","0.0","1.2","0.5","0.2","-7777","0.0","0.2","3.1","1.2","0.7","-7777","39.2","2.6","242","6.9","-7777","0","0","0.0","0.0","0.6","45.0","2.9","0.0","0","9","11.9","271","309","310","310","33.4","183","374","672","920","1000","1000","2.9"
"USC00454486","LANDSBURG, WA US","02","17","1","-7777","0","0","0","0","0","15.3","2.3","72","17","1","-7777","0","0","0","0","0","38","26","51","136","260","399","455","539","679","3.25","4.78","6.07","16.3","11.7","3.2","0.8","5.20","0.0","0.0","0.1","0.8","0.3","0.1","0.1","0.0","0.9","1.1","0.7","0.6","0.0","40.8","2.8","255","11.2","7","0","0","0.0","0.0","0.2","48.4","3.0","0.0","1","8","11.8","239","280","280","280","33.1","129","304","583","881","993","1000","3.0"
"USC00454486","LANDSBURG, WA US","03","43","8","1","-7777","-7777","0","0","0","17.6","2.4","134","43","8","1","-7777","-7777","0","0","0","85","64","17","80","200","348","410","502","657","4.83","5.65","6.21","19.7","13.8","3.9","0.8","5.75","0.0","0.0","0.0","0.4","0.2","0.0","0.0","0.0","0.1","0.3","0.0","0.0","0.0","43.8","2.0","302","20.0","43","3","0","0.0","0.0","0.0","52.6","2.8","0.0","0","1","8.7","253","310","310","310","35.0","27","60","206","683","984","1000","1.8"
"USC00454486","LANDSBURG, WA US","04","115","40","11","6","2","-7777","0","-7777","19.6","2.2","243","115","40","11","6","2","-7777","-7777","0","150","122","2","23","98","219","274","360","509","3.33","4.93","5.95","17.5","12.4","3.3","0.5","4.85","0.0","0.0","0.0","0.0","0.0","0.0","0.0","0.0","0.0","0.0","0.0","0.0","0.0","48.0","1.8","300","25.8","98","25","3","0.0","0.0","0.0","57.8","2.5","0.0","0","0","3.5","190","296","300","300","38.3","0","0","38","329","864","998","1.7"
"USC00454486","LANDSBURG, WA US","05","273","138","55","35","16","-7777","-7777","3","20.9","2.9","426","273","138","55","35","16","3","-7777","-7777","258","223","-7777","2","22","94","136","210","352","2.84","4.10","4.92","15.4","9.9","2.3","0.5","4.02","0.0","0.0","0.0","0.0","0.0","0.0","0.0","0.0","0.0","0.0","0.0","0.0","0.0","53.8","2.1","310","30.7","195","80","18","0.1","-7777","0.0","64.2","3.1","0.0","0","0","0.5","84","279","310","310","43.3","0","0","0","13","254","766","1.9"
"USC00454486","LANDSBURG, WA US","06","413","264","129","88","45","2","1","12","21.5","2.9","562","413","264","129","88","45","12","2","1","346","303","0","-7777","1","17","36","83","199","2.09","3.07","4.23","12.2","7.6","2.0","0.6","3.17","0.0","0.0","0.0","0.0","0.0","0.0","0.0","0.0","0.0","0.0","0.0","0.0","0.0","58.7","1.9","300","30.0","264","127","36","0.6","0.0","0.0","69.5","3.0","0.0","0","0","0.0","10","202","300","300","48.0","0","0","0","0","2","96","1.5"
"USC00454486","LANDSBURG, WA US","07","573","418","265","206","127","10","5","42","24.4","3.3","728","573","418","265","206","127","42","10","5","481","428","0","0","-7777","1","5","19","89","0.65","1.41","1.98","7.0","4.0","0.8","0.1","1.46","0.0","0.0","0.0","0.0","0.0","0.0","0.0","0.0","0.0","0.0","0.0","0.0","0.0","63.5","2.1","310","31.0","305","223","96","1.7","0.0","0.0","75.7","3.4","0.0","0","0","0.0","2","110","304","310","51.3","0","0","0","0","0","0","1.7"
"USC00454486","LANDSBURG, WA US","08","575","420","266","206","126","8","4","41","24.8","2.8","730","575","420","266","206","126","41","8","4","486","433","0","0","-7777","1","3","16","86","0.59","1.24","1.85","6.1","3.5","1.0","0.3","1.60","0.0","0.0","0.0","0.0","0.0","0.0","0.0","0.0","0.0","0.0","0.0","0.0","0.0","63.5","1.5","310","31.0","308","229","95","1.1","0.1","0.0","75.9","2.4","0.0","0","0","0.0","1","120","304","310","51.2","0","0","0","0","0","0","1.7"
"USC00454486","LANDSBURG, WA US","09","389","242","117","80","38","1","-7777","7","23.1","2.8","538","389","242","117","80","38","7","1","-7777","342","303","0","-7777","4","29","51","100","219","1.40","2.65","3.66","9.7","6.2","1.4","0.2","2.53","0.0","0.0","0.0","0.0","0.0","0.0","0.0","0.0","0.0","0.0","0.0","0.0","0.0","57.9","1.9","300","30.0","266","135","34","0.2","0.0","0.0","69.5","2.7","0.0","0","0","0.2","33","222","300","300","46.4","0","0","0","0","25","316","1.9"
"USC00454486","LANDSBURG, WA US","10","151","53","10","4","1","0","0","-7777","17.6","2.7","290","151","53","10","4","1","-7777","0","0","162","130","2","18","74","186","242","332","487","3.48","4.80","6.47","15.7","10.7","3.3","1.1","5.14","0.0","0.0","0.0","0.0","0.0","0.0","0.0","0.0","0.0","0.0","0.0","0.0","0.0","49.3","1.6","310","28.4","106","15","-7777","0.0","0.0","0.0","58.1","2.3","0.0","0","-7777","2.2","146","294","310","310","40.5","0","16","46","235","728","975","1.8"
"USC00454486","LANDSBURG, WA US","11","37","5","-7777","-7777","0","0","0","0","12.4","1.8","116","37","5","-7777","-7777","0","0","0","0","43","27","39","109","227","372","432","522","672","6.21","8.67","12.25","21.1","16.1","6.2","2.1","8.92","0.0","0.0","0.0","0.8","0.5","0.3","0.1","0.0","1.5","1.1","0.8","0.4","0.3","42.6","3.2","283","13.0","6","0","0","0.0","0.0","0.4","48.8","3.3","0.0","-7777","6","7.2","213","297","300","300","36.4","32","116","312","638","963","1000","3.4"
"USC00454486","LANDSBURG, WA US","12","6","-7777","0","0","0","0","0","0","11.1","1.4","37","6","-7777","0","0","0","0","0","0","10","5","118","241","391","546","608","701","856","5.37","6.53","8.26","19.9","14.2","4.3","1.2","6.74","0.0","0.0","0.2","1.5","0.9","0.2","-7777","0.0","1.1","2.6","0.9","0.5","0.1","37.4","2.7","217","3.3","0","0","0","0.0","0.0","1.0","42.9","2.9","0.0","1","13","14.4","278","310","310","310","31.9","214","405","725","986","1000","1000","2.6"
"USW00094248","RENTON MUNICIPAL AIRPORT, WA US","01","31","5","-7777","0","0","0","0","0","10.8","1.2","109","31","5","-7777","0","0","0","0","0","33","19","38","115","244","394","456","549","704",,,,,,,,"5.71",,,,,,,,,,,,,,"42.3","2.4","281","11.2","3","0","0","0.0","0.0","0.3","47.7","2.5","0.0","0","3","6.6","212","307","310","310","36.9","68","161","406","764","969","1000","2.4"
"USW00094248","RENTON MUNICIPAL AIRPORT, WA US","02","28","2","-7777","-7777","0","0","0","0","14.1","1.7","112","28","2","-7777","-7777","0","0","0","0","48","30","12","69","183","321","377","460","601",,,,,,,,"4.32",,,,,,,,,,,,,,"43.5","2.0","277","15.5","7","0","0","0.0","0.0","0.0","50.6","1.6","0.0","0","0","5.7","196","280","280","280","36.5","15","104","321","659","943","1000","2.6"
"USW00094248","RENTON MUNICIPAL AIRPORT, WA US","03","101","26","3","1","-7777","0","0","0","14.5","1.3","232","101","26","3","1","-7777","0","0","0","108","81","4","29","108","240","300","392","547",,,,,,,,"3.95",,,,,,,,,,,,,,"47.4","2.4","308","24.8","50","4","0","0.0","0.0","0.0","54.6","2.5","0.0","0","0","1.8","149","306","310","310","40.1","0","11","47","188","624","961","2.4"
"USW00094248","RENTON MUNICIPAL AIRPORT, WA US","04","185","70","17","9","2","0","0","-7777","16.5","2.1","332","185","70","17","9","2","-7777","0","0","173","142","-7777","3","38","136","187","271","418",,,,,,,,"3.09",,,,,,,,,,,,,,"51.1","1.8","300","28.4","117","21","1","0.0","0.0","0.0","59.3","2.1","0.0","0","0","0.1","78","288","300","300","42.8","0","0","0","0","164","717","2.0"
"USW00094248","RENTON MUNICIPAL AIRPORT, WA US","05","366","214","90","56","26","1","-7777","5","17.4","2.0","521","366","214","90","56","26","5","1","-7777","299","255","0","-7777","3","34","63","125","259",,,,,,,,"2.12",,,,,,,,,,,,,,"56.8","2.0","310","31.0","247","69","10","0.0","0.0","0.0","65.5","2.6","0.0","0","0","0.0","10","208","309","310","48.1","0","0","0","0","0","25","1.8"
"USW00094248","RENTON MUNICIPAL AIRPORT, WA US","06","506","356","209","155","86","5","2","25","17.9","1.5","656","506","356","209","155","86","25","5","2","416","360","0","0","0","3","10","31","119",,,,,,,,"1.59",,,,,,,,,,,,,,"61.9","2.2","300","30.0","282","141","39","0.3","0.0","0.0","70.8","2.6","0.0","0","0","0.0","0","65","296","300","52.9","0","0","0","0","0","0","2.1"
"USW00094248","RENTON MUNICIPAL AIRPORT, WA US","07","668","513","358","296","205","20","11","82","19.9","1.9","823","668","513","358","296","205","82","20","11","569","508","0","0","0","-7777","-7777","2","34",,,,,,,,"0.94",,,,,,,,,,,,,,"66.6","2.4","310","31.0","309","254","90","1.3","0.1","0.0","76.5","3.1","0.0","0","0","0.0","0","6","265","309","56.6","0","0","0","0","0","0","2.0"
"USW00094248","RENTON MUNICIPAL AIRPORT, WA US","08","680","525","370","308","216","17","7","84","20.2","1.8","835","680","525","370","308","216","84","17","7","584","522","0","0","0","0","0","1","24",,,,,,,,"0.92",,,,,,,,,,,,,,"67.0","1.4","310","31.0","310","271","93","0.5","0.0","0.0","77.1","1.9","0.0","0","0","0.0","0","8","252","310","56.8","0","0","0","0","0","0","1.3"
"USW00094248","RENTON MUNICIPAL AIRPORT, WA US","09","498","348","202","149","83","3","1","21","19.1","2.6","648","498","348","202","149","83","21","3","1","414","361","0","0","-7777","4","11","35","123",,,,,,,,"1.71",,,,,,,,,,,,,,"61.6","1.7","300","30.0","292","161","27","0.1","0.0","0.0","71.2","2.5","0.0","0","0","0.0","0","89","293","300","52.0","0","0","0","0","0","0","1.8"
"USW00094248","RENTON MUNICIPAL AIRPORT, WA US","10","247","114","29","13","3","-7777","-7777","-7777","14.9","1.8","399","247","114","29","13","3","-7777","-7777","-7777","207","168","-7777","4","25","96","142","225","377",,,,,,,,"3.84",,,,,,,,,,,,,,"52.9","1.3","310","30.4","154","13","0","0.0","0.0","0.0","60.3","1.4","0.0","0","0","0.5","53","249","310","310","45.4","0","0","0","14","161","585","1.8"
"USW00094248","RENTON MUNICIPAL AIRPORT, WA US","11","79","19","2","1","-7777","0","0","0","11.9","1.4","190","79","19","2","1","-7777","0","0","0","72","49","14","52","142","275","334","423","573",,,,,,,,"6.47",,,,,,,,,,,,,,"45.9","2.7","293","19.8","15","1","0","0.0","0.0","0.2","51.9","2.7","0.0","0","2","3.5","138","290","300","300","39.9","7","30","111","341","757","994","2.9"
"USW00094248","RENTON MUNICIPAL AIRPORT, WA US","12","19","2","-7777","0","0","0","0","0","10.4","1.2","83","19","2","-7777","0","0","0","0","0","20","10","61","152","291","443","505","598","753",,,,,,,,"5.39",,,,,,,,,,,,,,"40.7","2.6","267","7.0","2","0","0","0.0","0.0","0.8","45.9","2.5","0.0","0","10","7.7","238","310","310","310","35.5","109","219","420","767","994","1000","2.9"
"USC00451233","CEDAR LAKE, WA US","01","3","-7777","0","0","0","0","0","0","8.0","1.0","21","3","-7777","0","0","0","0","0","0","4","1","155","291","443","598","660","753","908","9.42","12.75","16.08","19.1","16.8","8.9","4.5","13.00","0.0","4.4","13.2","4.7","3.5","1.4","0.6","0.1","8.9","12.5","8.9","6.0","2.0","35.7","2.9","154","1.3","0","0","0","0.0","0.0","3.9","39.7","3.0","0.0","-7777","13","15.7","288","310","310","310","31.7","224","467","781","961","1000","1000","2.9"
"USC00451233","CEDAR LAKE, WA US","02","6","1","-7777","0","0","0","0","0","10.9","1.6","32","6","1","-7777","0","0","0","0","0","12","8","112","226","360","500","556","640","780","5.46","7.81","11.33","15.7","12.8","6.2","2.3","8.60","0.5","4.9","10.3","3.2","2.3","1.0","0.3","-7777","7.5","8.8","5.3","3.4","1.2","37.2","2.9","187","3.6","4","0","0","0.0","0.0","1.6","42.6","3.3","0.0","1","10","14.0","261","280","280","280","31.7","196","376","667","916","995","1000","2.8"
"USC00451233","CEDAR LAKE, WA US","03","19","3","-7777","-7777","-7777","0","0","-7777","13.3","2.0","69","19","3","-7777","-7777","-7777","-7777","0","0","40","30","66","171","310","462","524","617","772","7.11","9.44","12.44","19.7","16.0","7.4","3.0","9.94","0.0","1.8","9.7","3.0","2.1","0.9","0.5","-7777","5.9","6.2","3.7","2.3","0.7","40.1","2.6","252","9.7","17","2","0","0.0","0.0","0.4","46.8","3.4","0.0","0","1","12.5","292","310","310","310","33.4","22","68","277","750","994","1000","2.1"
"USC00451233","CEDAR LAKE, WA US","04","60","21","5","3","1","0","0","-7777","15.4","2.2","141","60","21","5","3","1","-7777","0","0","82","66","24","93","204","338","396","484","633","6.73","7.87","10.37","18.7","14.7","6.6","2.0","8.29","0.0","0.5","4.7","1.5","0.9","0.3","0.1","0.0","2.9","2.3","1.1","0.5","0.1","43.9","2.3","282","15.0","56","10","1","0.0","0.0","0.0","51.6","3.0","0.0","0","0","5.7","242","298","300","300","36.2","0","9","94","396","880","1000","2.0"
"USC00451233","CEDAR LAKE, WA US","05","174","85","34","22","11","-7777","-7777","2","17.1","2.5","310","174","85","34","22","11","2","-7777","-7777","171","143","2","21","86","191","241","322","468","5.22","6.77","8.48","17.2","12.7","5.1","1.7","6.88","0.0","0.0","0.0","0.2","-7777","-7777","0.0","0.0","0.2","0.1","-7777","0.0","0.0","49.9","2.4","309","24.4","120","47","9","-7777","0.0","0.0","58.5","3.2","0.0","0","0","0.3","124","295","310","310","41.4","0","0","22","84","370","875","2.1"
"USC00451233","CEDAR LAKE, WA US","06","295","162","73","50","25","1","-7777","6","17.5","2.4","444","295","162","73","50","25","6","1","-7777","246","210","-7777","1","18","79","116","181","312","3.09","5.90","7.12","14.9","10.0","4.0","1.2","5.62","0.0","0.0","0.0","0.0","0.0","0.0","0.0","0.0","0.0","0.0","0.0","0.0","0.0","54.8","2.3","300","28.9","174","78","17","-7777","0.0","0.0","63.6","3.3","0.0","0","0","0.0","15","255","300","300","46.0","0","0","0","0","0","124","1.5"
"USC00451233","CEDAR LAKE, WA US","07","471","317","177","131","76","5","2","24","20.2","3.2","626","471","317","177","131","76","24","5","2","386","337","0","-7777","1","16","32","70","173","1.14","2.07","3.58","8.7","5.1","1.6","0.7","2.53","0.0","0.0","0.0","0.0","0.0","0.0","0.0","0.0","0.0","0.0","0.0","0.0","0.0","60.2","2.6","310","31.0","264","160","45","0.3","0.0","0.0","70.3","4.0","0.0","0","0","0.0","-7777","160","306","310","50.1","0","0","0","0","0","1","1.8"
"USC00451233","CEDAR LAKE, WA US","08","490","335","190","141","82","5","2","24","20.2","2.7","645","490","335","190","141","82","24","5","2","402","350","0","0","-7777","10","23","57","154","1.38","1.96","3.01","7.9","4.4","1.7","0.6","2.56","0.0","0.0","0.0","0.0","0.0","0.0","0.0","0.0","0.0","0.0","0.0","0.0","0.0","60.8","1.6","310","31.0","275","167","42","0.3","0.0","0.0","70.9","2.6","0.0","0","0","0.0","0","132","307","310","50.7","0","0","0","0","0","0","1.4"
"USC00451233","CEDAR LAKE, WA US","09","317","179","81","55","28","1","-7777","6","18.2","2.7","465","317","179","81","55","28","6","1","-7777","265","227","-7777","2","14","67","100","163","291","2.27","4.45","6.67","11.5","8.0","3.5","1.0","4.60","0.0","0.0","0.0","0.0","0.0","0.0","0.0","0.0","0.0","0.0","0.0","0.0","0.0","55.5","2.2","300","29.1","192","80","16","0.2","0.0","0.0","64.6","3.2","0.0","0","0","-7777","26","240","298","300","46.4","0","0","0","0","2","165","1.7"
"USC00451233","CEDAR LAKE, WA US","10","121","45","12","7","3","-7777","0","-7777","14.1","2.4","243","121","45","12","7","3","-7777","-7777","0","117","92","7","39","118","240","297","385","538","5.63","8.27","12.05","16.5","12.5","6.5","2.6","8.86","0.0","0.0","0.0","0.1","0.0","0.0","0.0","0.0","-7777","0.1","-7777","-7777","-7777","47.6","2.0","306","21.5","76","12","2","0.0","0.0","0.0","54.7","3.0","0.0","0","0","1.4","146","299","310","310","40.6","0","0","6","122","565","950","1.6"
"USC00451233","CEDAR LAKE, WA US","11","16","3","-7777","-7777","0","0","0","0","8.8","1.4","62","16","3","-7777","-7777","0","0","0","0","16","9","79","183","319","467","526","616","766","10.37","15.15","20.27","21.0","18.7","10.9","4.8","15.34","0.0","1.0","6.2","2.0","1.3","0.6","0.3","0.0","4.6","3.1","2.3","1.8","0.7","39.4","3.2","220","5.4","3","0","0","0.0","0.0","1.0","43.9","3.4","0.0","1","8","8.4","242","300","300","300","35.0","31","98","276","652","955","1000","3.1"
"USC00451233","CEDAR LAKE, WA US","12","1","-7777","0","0","0","0","0","0","7.4","0.9","11","1","-7777","0","0","0","0","0","0","1","-7777","185","329","483","638","700","794","949","9.02","10.38","13.26","19.4","16.0","8.1","3.7","11.17","1.4","5.3","18.2","5.1","3.3","1.4","0.4","0.1","9.2","13.1","7.9","5.0","1.7","34.4","2.8","121","0.6","0","0","0","0.0","0.0","3.9","38.1","2.9","0.0","2","16","17.0","299","310","310","310","30.7","246","435","739","962","1000","1000","2.7"
"USC00452675","EVERETT, WA US","01","26","4","1","-7777","0","0","0","0","13.6","1.9","96","26","4","1","-7777","0","0","0","0","40","25","59","143","277","429","490","583","738","3.44","4.69","6.65","18.6","11.6","2.8","0.4","5.11",,,,,,,,,,,,,,"41.2","2.7","282","12.3","7","0","0","0.0","0.0","0.2","48.0","2.8","0.0","0","11","10.1","232","307","310","310","34.4","161","326","643","913","994","1000","2.9"
"USC00452675","EVERETT, WA US","02","29","4","-7777","-7777","0","0","0","0","16.6","2.1","102","29","4","-7777","-7777","0","0","0","0","56","38","35","102","217","353","409","493","633","1.98","3.05","4.04","15.2","9.2","1.5","0.1","3.08",,,,,,,,,,,,,,"42.4","2.9","268","15.8","19","-7777","0","0.0","0.0","0.1","50.7","2.8","0.0","1","9","10.5","220","279","280","280","34.1","47","186","481","820","986","1000","3.3"
"USC00452675","EVERETT, WA US","03","76","18","2","1","-7777","0","0","-7777","17.7","2.1","194","76","18","2","1","-7777","-7777","0","0","112","86","7","44","141","280","340","433","588","2.65","3.89","4.63","18.9","10.8","1.5","0.2","3.69",,,,,,,,,,,,,,"46.0","2.1","307","25.0","52","5","-7777","0.0","0.0","-7777","54.9","2.5","0.0","0","1","5.9","206","310","310","310","37.2","3","32","128","531","913","1000","2.2"
"USC00452675","EVERETT, WA US","04","168","62","15","7","2","0","0","-7777","18.8","2.1","311","168","62","15","7","2","-7777","0","0","178","147","-7777","7","51","154","207","292","440","2.58","2.89","3.63","15.9","8.7","1.6","0.1","3.00",,,,,,,,,,,,,,"50.3","1.8","300","29.0","133","18","2","0.0","0.0","0.0","59.7","2.2","0.0","0","0","1.0","120","293","300","300","41.0","0","0","0","47","423","936","2.0"
"USC00452675","EVERETT, WA US","05","331","183","72","44","18","-7777","-7777","2","19.1","1.6","485","331","183","72","44","18","2","-7777","-7777","283","244","-7777","-7777","8","52","85","153","292","2.18","2.60","3.40","13.2","7.9","1.4","0.1","2.67",,,,,,,,,,,,,,"55.7","1.9","310","30.9","236","72","4","-7777","0.0","0.0","65.2","2.3","0.0","0","0","0.0","33","245","310","310","46.1","0","0","0","0","0","290","1.8"
"USC00452675","EVERETT, WA US","06","465","315","170","118","59","2","-7777","12","18.8","2.3","615","465","315","170","118","59","12","2","-7777","380","328","0","0","-7777","5","13","44","147","1.30","1.76","3.19","11.0","6.3","1.3","0.3","2.30",,,,,,,,,,,,,,"60.5","1.7","300","30.0","282","140","19","-7777","0.0","0.0","69.9","2.7","0.0","0","0","0.0","0","104","298","300","51.1","0","0","0","0","0","0","1.1"
"USC00452675","EVERETT, WA US","07","604","449","295","233","147","8","4","45","20.2","2.2","759","604","449","295","233","147","45","8","4","510","450","0","0","0","-7777","1","7","60","0.52","0.90","1.71","6.2","3.0","0.6","0.1","1.17",,,,,,,,,,,,,,"64.5","1.9","310","31.0","307","238","60","0.4","0.0","0.0","74.6","2.8","0.0","0","0","0.0","0","35","292","310","54.4","0","0","0","0","0","0","1.5"
"USC00452675","EVERETT, WA US","08","612","457","302","241","154","7","3","46","21.5","2.3","767","612","457","302","241","154","46","7","3","521","462","0","-7777","-7777","-7777","1","7","54","0.38","0.98","1.82","5.7","2.8","0.6","0.1","1.15",,,,,,,,,,,,,,"64.7","1.7","310","31.0","309","262","61","0.1","0.0","0.0","75.5","2.2","0.0","0","0","0.0","0","51","292","310","54.0","0","0","0","0","0","0","2.0"
"USC00452675","EVERETT, WA US","09","429","280","144","99","46","-7777","-7777","6","21.4","2.5","579","429","280","144","99","46","6","-7777","-7777","365","320","0","-7777","2","15","30","67","177","1.04","2.01","2.63","9.2","4.9","1.0","0.1","1.95",,,,,,,,,,,,,,"59.3","1.6","300","30.0","283","146","14","-7777","0.0","0.0","70.0","2.2","0.0","0","0","-7777","19","166","300","300","48.6","0","0","0","0","4","102","1.8"
"USC00452675","EVERETT, WA US","10","209","89","22","10","3","0","0","-7777","18.3","2.3","358","209","89","22","10","3","-7777","0","0","207","171","-7777","6","41","129","179","265","417","2.38","3.38","5.30","15.5","8.7","2.2","0.4","3.58",,,,,,,,,,,,,,"51.6","1.7","310","30.1","165","21","-7777","0.0","0.0","0.0","60.7","1.8","0.0","0","0","1.4","118","278","310","310","42.4","0","0","15","142","513","874","2.3"
"USC00452675","EVERETT, WA US","11","66","16","2","1","-7777","0","0","-7777","14.5","2.6","168","66","16","2","1","-7777","-7777","0","0","77","54","23","71","171","306","365","455","605","4.19","6.06","7.29","18.3","12.9","3.7","0.8","5.57",,,,,,,,,,,,,,"44.8","2.8","290","20.0","26","1","0","0.0","0.0","0.3","52.1","2.9","0.0","0","4","6.8","177","292","300","300","37.6","25","92","286","569","945","1000","3.2"
"USC00452675","EVERETT, WA US","12","15","2","-7777","-7777","0","0","0","0","12.8","1.5","69","15","2","-7777","-7777","0","0","0","0","24","13","81","182","324","477","539","632","787","4.01","5.62","6.79","18.6","12.1","3.0","0.8","5.17",,,,,,,,,,,,,,"39.6","2.8","262","9.1","1","0","0","0.0","0.0","0.8","46.0","2.7","0.0","3","15","12.1","254","310","310","310","33.2","176","354","642","946","1000","1000","3.1"
"USC00455525","MONROE, WA US","01","22","2","-7777","-7777","0","0","0","0","12.3","2.2","86","22","2","-7777","-7777","0","0","0","0","31","19","73","163","298","451","513","606","761","5.00","6.47","7.47","20.9","14.0","4.0","0.8","6.24","0.0","0.0","0.0","0.3","0.2","0.0","0.0","0.0","0.3","0.6","0.2","-7777","0.0","40.5","2.8","254","9.4","4","0","0","0.0","0.0","0.5","46.6","2.9","0.0","1","12","11.0","239","309","310","310","34.3","190","411","719","930","998","1000","3.0"
"USC00455525","MONROE, WA US","02","29","5","-7777","-7777","0","0","0","0","16.3","2.3","101","29","5","-7777","-7777","0","0","0","0","55","39","38","106","221","357","413","497","637","3.04","3.56","4.69","15.8","10.8","2.2","0.3","4.12","0.0","0.0","0.0","0.4","0.2","0.1","0.1","0.0","0.7","0.5","0.2","-7777","0.0","42.2","2.8","263","14.9","21","1","0","0.0","0.0","0.1","50.4","2.9","0.0","1","9","9.9","216","279","280","280","34.1","108","295","613","897","997","1000","3.2"
"USC00455525","MONROE, WA US","03","74","16","1","-7777","-7777","0","0","-7777","17.5","2.0","191","74","16","1","-7777","-7777","-7777","0","0","110","85","7","44","141","282","343","436","591","3.63","5.09","5.73","19.6","13.0","2.7","0.4","4.81","0.0","0.0","0.0","0.2","0.1","-7777","0.0","0.0","0.2","0.2","0.1","0.0","0.0","45.9","2.4","308","24.0","62","5","0","0.0","0.0","0.0","54.7","3.0","0.0","0","1","6.1","202","309","310","310","37.2","27","48","182","632","968","1000","2.0"
"USC00455525","MONROE, WA US","04","164","59","13","6","2","0","0","-7777","19.2","2.8","307","164","59","13","6","2","-7777","0","0","180","150","1","8","53","157","210","296","444","2.89","3.46","4.21","16.3","10.1","2.0","0.4","3.77","0.0","0.0","0.0","0.0","0.0","0.0","0.0","0.0","0.0","0.0","0.0","0.0","0.0","50.2","1.9","300","28.4","130","31","4","0.0","0.0","0.0","59.8","2.5","0.0","0","0","2.0","133","292","300","300","40.6","0","0","0","168","649","979","2.2"
"USC00455525","MONROE, WA US","05","331","183","74","46","19","-7777","-7777","3","19.9","2.6","485","331","183","74","46","19","3","-7777","-7777","287","249","-7777","-7777","8","53","88","154","292","2.48","3.38","3.98","14.6","9.2","2.0","0.2","3.39","0.0","0.0","0.0","0.0","0.0","0.0","0.0","0.0","0.0","0.0","0.0","0.0","0.0","55.7","2.1","310","30.9","232","85","15","0.1","0.0","0.0","65.6","3.0","0.0","0","0","-7777","38","249","310","310","45.7","0","0","0","0","68","478","1.9"
"USC00455525","MONROE, WA US","06","459","309","166","115","57","1","-7777","12","20.2","3.1","609","459","309","166","115","57","12","1","-7777","379","331","0","-7777","-7777","7","16","48","153","1.57","2.52","3.69","11.6","6.4","1.3","0.2","2.55","0.0","0.0","0.0","0.0","0.0","0.0","0.0","0.0","0.0","0.0","0.0","0.0","0.0","60.3","1.9","300","30.0","280","145","37","0.3","0.0","0.0","70.4","3.2","0.0","0","0","0.0","2","142","299","300","50.2","0","0","0","0","0","0","1.2"
"USC00455525","MONROE, WA US","07","615","460","305","244","157","10","4","49","22.7","3.0","770","615","460","305","244","157","49","10","4","519","461","0","0","0","-7777","1","7","54","0.43","1.40","1.84","6.9","3.4","0.9","0.1","1.33","0.0","0.0","0.0","0.0","0.0","0.0","0.0","0.0","0.0","0.0","0.0","0.0","0.0","64.8","2.2","310","31.0","309","245","92","1.2","-7777","0.0","76.2","3.2","0.0","0","0","0.0","0","62","294","310","53.5","0","0","0","0","0","0","1.9"
"USC00455525","MONROE, WA US","08","623","468","313","252","163","9","3","52","23.8","3.1","778","623","468","313","252","163","52","9","3","530","474","0","0","0","-7777","1","5","49","0.67","1.38","1.74","6.2","3.7","0.8","0.1","1.31","0.0","0.0","0.0","0.0","0.0","0.0","0.0","0.0","0.0","0.0","0.0","0.0","0.0","65.1","1.8","310","31.0","309","258","100","0.7","0.0","0.0","77.0","2.9","0.0","0","0","0.0","-7777","73","296","310","53.2","0","0","0","0","0","0","1.6"
"USC00455525","MONROE, WA US","09","448","299","161","114","58","1","-7777","11","22.3","3.1","598","448","299","161","114","58","11","1","-7777","384","338","0","-7777","1","12","25","60","163","1.04","2.87","3.76","10.5","5.6","1.9","0.3","2.60","0.0","0.0","0.0","0.0","0.0","0.0","0.0","0.0","0.0","0.0","0.0","0.0","0.0","59.9","1.7","300","30.0","283","162","38","0.2","0.0","0.0","71.1","2.7","0.0","0","0","-7777","19","165","297","300","48.8","0","0","0","0","7","171","1.7"
"USC00455525","MONROE, WA US","10","212","93","25","12","3","0","0","-7777","17.1","2.4","359","212","93","25","12","3","-7777","0","0","199","164","1","9","45","132","181","265","417","3.34","4.49","6.11","16.3","10.3","3.3","0.8","4.78","0.0","0.0","0.0","0.0","0.0","0.0","0.0","0.0","0.0","0.0","0.0","0.0","0.0","51.6","1.8","310","29.2","149","26","1","0.0","0.0","0.0","60.1","2.1","0.0","0","0","1.3","103","266","310","310","43.0","0","0","33","192","570","894","2.3"
"USC00455525","MONROE, WA US","11","59","13","1","-7777","-7777","0","0","0","12.6","1.9","153","59","13","1","-7777","-7777","0","0","0","59","40","31","86","190","328","387","477","627","5.48","7.08","9.27","21.0","15.2","5.7","1.7","7.45","0.0","0.0","0.0","0.3","0.2","0.1","-7777","0.0","0.7","0.7","0.5","0.3","0.0","44.1","3.1","284","16.2","15","1","0","0.0","0.0","0.5","50.4","3.2","0.0","1","6","6.2","167","294","300","300","37.8","40","124","329","681","961","1000","3.2"
"USC00455525","MONROE, WA US","12","12","1","-7777","0","0","0","0","0","11.4","1.3","58","12","1","-7777","0","0","0","0","0","17","9","103","212","356","510","572","665","820","5.19","6.58","7.92","20.8","13.9","4.4","1.1","6.42","0.0","0.0","0.3","0.6","0.5","0.2","0.1","0.0","0.6","1.2","0.7","0.4","0.3","38.6","2.8","235","6.0","0","0","0","0.0","0.0","1.3","44.3","2.8","0.0","4","15","12.8","258","309","310","310","32.8","264","444","748","967","1000","1000","2.8"
"USC00457773","SNOQUALMIE FALLS, WA US","01","30","5","-7777","-7777","-7777","0","0","0","11.3","2.2","97","30","5","-7777","-7777","-7777","0","0","0","33","21","63","151","281","431","493","586","741","6.87","8.79","11.43","20.7","14.8","6.2","2.3","8.85","0.0","0.0","1.5","1.1","0.9","0.2","0.1","0.0","1.9","1.5","0.7","0.3","0.1","41.1","2.9","256","10.2","6","0","0","0.0","0.0","0.6","46.7","3.0","0.0","-7777","5","9.2","220","308","310","310","35.5","100","264","582","878","989","1000","3.1"
"USC00457773","SNOQUALMIE FALLS, WA US","02","38","8","1","-7777","-7777","0","0","0","14.7","2.1","107","38","8","1","-7777","-7777","0","0","0","52","37","42","113","223","357","412","496","636","3.85","4.98","7.16","16.0","11.3","3.9","1.0","5.42","0.0","0.0","0.8","0.9","0.4","0.1","0.0","0.0","1.3","0.9","0.6","0.3","0.0","42.3","2.9","258","13.2","21","1","0","0.0","0.0","0.3","49.7","3.2","0.0","1","8","9.8","210","276","280","280","34.9","48","181","445","779","974","1000","3.1"
"USC00457773","SNOQUALMIE FALLS, WA US","03","72","18","3","1","-7777","0","0","-7777","16.6","2.4","181","72","18","3","1","-7777","-7777","0","0","101","78","9","55","156","296","356","448","603","4.81","5.78","7.46","20.4","14.1","4.0","0.9","6.26","0.0","0.0","0.0","0.3","0.2","-7777","-7777","-7777","0.7","0.3","0.1","0.1","0.1","45.5","2.3","305","21.8","57","7","0","0.0","0.0","0.1","53.8","3.1","0.0","0","1","5.6","211","309","310","310","37.3","0","26","111","478","918","1000","1.9"
"USC00457773","SNOQUALMIE FALLS, WA US","04","143","53","15","8","3","0","0","-7777","18.2","2.3","278","143","53","15","8","3","-7777","0","0","158","130","1","15","75","187","241","326","473","3.87","4.90","5.84","18.4","11.8","3.0","0.7","4.81","0.0","0.0","0.0","0.1","0.0","0.0","0.0","0.0","-7777","0.0","0.0","0.0","0.0","49.2","1.8","300","26.4","108","24","4","0.0","0.0","0.0","58.3","2.5","0.0","0","0","1.3","147","291","300","300","40.2","0","0","0","91","578","974","1.7"
"USC00457773","SNOQUALMIE FALLS, WA US","05","303","163","69","45","22","-7777","-7777","5","18.3","2.3","457","303","163","69","45","22","5","-7777","-7777","261","223","-7777","1","15","77","115","185","322","2.72","4.03","5.03","16.2","10.2","2.8","0.2","4.01","0.0","0.0","0.0","0.0","0.0","0.0","0.0","0.0","0.0","0.0","0.0","0.0","0.0","54.7","2.1","310","30.6","192","72","16","0.1","0.0","0.0","63.9","2.7","0.0","0","0","-7777","41","259","310","310","45.6","0","0","0","0","57","479","2.0"
"USC00457773","SNOQUALMIE FALLS, WA US","06","443","293","154","110","61","3","1","18","18.5","2.5","593","443","293","154","110","61","18","3","1","360","311","0","-7777","-7777","12","27","68","175","1.80","2.85","3.53","12.8","7.6","1.8","0.3","2.94","0.0","0.0","0.0","0.0","0.0","0.0","0.0","0.0","0.0","0.0","0.0","0.0","0.0","59.8","2.0","300","30.0","259","119","35","0.2","0.0","0.0","69.0","3.0","0.0","0","0","0.0","1","127","298","300","50.5","0","0","0","0","0","0","1.4"
"USC00457773","SNOQUALMIE FALLS, WA US","07","603","448","294","234","151","12","6","53","21.4","3.2","758","603","448","294","234","151","53","12","6","507","448","0","0","0","1","3","14","70","0.44","1.08","2.03","7.8","3.6","0.8","0.1","1.37","0.0","0.0","0.0","0.0","0.0","0.0","0.0","0.0","0.0","0.0","0.0","0.0","0.0","64.5","2.3","310","31.0","305","228","84","1.2","0.0","0.0","75.2","3.6","0.0","0","0","0.0","-7777","50","295","310","53.7","0","0","0","0","0","2","1.6"
"USC00457773","SNOQUALMIE FALLS, WA US","08","614","459","304","243","158","11","5","54","22.8","2.2","769","614","459","304","243","158","54","11","5","519","462","0","0","0","-7777","2","9","60","0.69","0.97","1.55","6.1","3.3","0.8","0.1","1.29","0.0","0.0","0.0","0.0","0.0","0.0","0.0","0.0","0.0","0.0","0.0","0.0","0.0","64.8","1.7","310","31.0","308","244","96","0.9","0.0","0.0","76.2","2.2","0.0","0","0","0.0","0","63","296","310","53.4","0","0","0","0","0","0","1.8"
"USC00457773","SNOQUALMIE FALLS, WA US","09","429","281","147","105","55","1","-7777","12","22.2","2.5","579","429","281","147","105","55","12","1","-7777","367","323","0","-7777","2","18","36","76","183","1.55","3.21","3.91","10.3","6.2","2.0","0.4","2.85","0.0","0.0","0.0","0.0","0.0","0.0","0.0","0.0","0.0","0.0","0.0","0.0","0.0","59.3","1.9","300","30.0","273","151","38","0.3","0.0","0.0","70.4","2.4","0.0","0","0","0.1","17","184","300","300","48.2","0","0","0","0","9","114","2.1"
"USC00457773","SNOQUALMIE FALLS, WA US","10","207","91","26","14","4","-7777","0","-7777","17.3","2.6","353","207","91","26","14","4","-7777","-7777","0","197","162","1","10","49","140","189","272","423","3.63","5.55","7.23","16.3","11.0","3.9","1.3","5.69","0.0","0.0","0.0","0.0","0.0","0.0","0.0","0.0","0.0","0.0","0.0","0.0","0.0","51.3","1.9","310","29.3","143","30","2","-7777","0.0","0.0","60.0","2.1","0.0","0","0","1.3","106","269","310","310","42.7","0","0","4","94","439","842","2.5"
"USC00457773","SNOQUALMIE FALLS, WA US","11","65","16","2","1","-7777","0","0","0","12.4","2.1","160","65","16","2","1","-7777","0","0","0","64","44","28","83","184","320","379","468","618","6.16","9.20","13.81","21.6","16.0","7.2","2.8","10.12","0.0","0.0","0.0","0.3","0.2","0.1","0.1","0.0","1.2","0.5","0.4","0.4","0.1","44.4","3.4","287","16.3","22","1","0","0.0","0.0","0.4","50.6","3.5","0.0","1","6","5.6","166","292","300","300","38.2","24","65","203","519","884","1000","3.6"
"USC00457773","SNOQUALMIE FALLS, WA US","12","16","2","-7777","0","0","0","0","0","10.5","1.4","69","16","2","-7777","0","0","0","0","0","18","10","86","188","329","482","544","637","792","6.47","8.49","10.50","19.6","13.9","6.2","2.3","8.45","0.0","0.0","6.1","1.4","1.0","0.3","0.2","-7777","2.9","0.9","0.6","0.3","0.1","39.5","2.9","239","6.5","1","0","0","0.0","0.0","1.1","44.7","2.8","0.0","2","8","11.9","243","309","310","310","34.2","139","308","580","877","993","1000","3.2"
"USC00450872","BREMERTON, WA US","01","18","2","-7777","0","0","0","0","0","11.0","1.4","83","18","2","-7777","0","0","0","0","0","23","12","52","142","281","434","496","589","744","5.70","8.18","12.87","19.1","13.7","5.9","2.4","8.89","0.0","0.0","0.0","0.4","0.3","-7777","0.0","0.0","0.4","0.3","-7777","0.0","0.0","41.0","2.4","272","8.7","1","0","0","0.0","0.0","0.3","46.5","2.4","0.0","0","2","8.9","229","309","310","310","35.5","27","186","493","843","986","1000","2.5"
"USC00450872","BREMERTON, WA US","02","23","2","-7777","-7777","0","0","0","0","14.6","2.0","91","23","2","-7777","-7777","0","0","0","0","43","28","33","104","223","361","417","501","641","2.97","6.16","7.94","15.4","10.5","4.1","1.6","6.02","0.0","0.0","0.0","0.3","0.2","0.1","0.1","-7777","0.8","0.3","0.2","0.1","0.0","42.1","2.5","263","13.5","11","0","0","0.0","0.0","0.2","49.4","2.6","0.0","0","5","9.1","221","279","280","280","34.8","28","147","428","795","988","1000","2.7"
"USC00450872","BREMERTON, WA US","03","73","16","2","1","-7777","0","0","-7777","16.3","1.5","188","73","16","2","1","-7777","-7777","0","0","99","74","7","47","145","286","347","439","594","4.74","5.08","6.82","19.1","12.0","3.9","0.8","5.95","0.0","0.0","0.0","0.1","0.1","-7777","-7777","0.0","0.3","-7777","0.0","0.0","0.0","45.9","2.3","309","22.6","48","3","0","0.0","0.0","-7777","54.0","2.7","0.0","0","-7777","4.1","204","310","310","310","37.7","0","10","93","421","862","998","2.0"
"USC00450872","BREMERTON, WA US","04","158","59","17","9","3","0","0","-7777","18.0","2.0","298","158","59","17","9","3","-7777","0","0","166","136","-7777","11","62","170","222","306","453","2.32","3.08","4.44","15.9","8.5","1.9","0.4","3.57","0.0","0.0","0.0","0.0","0.0","0.0","0.0","0.0","0.0","0.0","0.0","0.0","0.0","49.9","1.8","300","27.9","112","26","2","0.0","0.0","0.0","58.9","2.3","0.0","0","0","0.8","129","293","300","300","40.9","0","0","11","68","446","940","1.8"
"USC00450872","BREMERTON, WA US","05","331","185","79","52","25","-7777","-7777","5","19.1","1.9","485","331","185","79","52","25","5","-7777","-7777","283","243","0","1","10","59","94","160","295","1.57","2.32","3.22","12.7","6.8","1.2","0.2","2.46","0.0","0.0","0.0","0.0","0.0","0.0","0.0","0.0","0.0","0.0","0.0","0.0","0.0","55.6","2.1","310","30.9","223","78","16","0.1","0.0","0.0","65.2","2.6","0.0","0","0","0.1","31","249","310","310","46.1","0","0","0","0","29","333","1.8"
"USC00450872","BREMERTON, WA US","06","465","315","172","123","67","4","2","19","19.4","2.4","615","465","315","172","123","67","19","4","2","380","330","0","0","-7777","7","18","52","154","0.89","1.77","2.34","10.2","4.8","0.6","0.2","1.69","0.0","0.0","0.0","0.0","0.0","0.0","0.0","0.0","0.0","0.0","0.0","0.0","0.0","60.5","2.0","300","30.0","279","137","38","0.4","0.0","0.0","70.2","3.0","0.0","0","0","0.0","1","121","299","300","50.8","0","0","0","0","0","0","1.3"
"USC00450872","BREMERTON, WA US","07","620","465","310","249","163","15","8","58","21.7","2.6","775","620","465","310","249","163","58","15","8","521","461","0","0","0","-7777","1","8","58","0.30","0.73","1.36","6.3","2.5","0.4","0.1","0.86","0.0","0.0","0.0","0.0","0.0","0.0","0.0","0.0","0.0","0.0","0.0","0.0","0.0","65.0","2.1","310","31.0","309","241","91","1.5","0.0","0.0","75.9","3.1","0.0","0","0","0.0","0","32","294","310","54.1","0","0","0","0","0","0","1.5"
"USC00450872","BREMERTON, WA US","08","639","484","329","267","178","13","6","64","22.0","1.8","794","639","484","329","267","178","64","13","6","541","481","0","0","0","-7777","-7777","4","46","0.23","0.63","1.43","5.7","2.3","0.5","0.2","1.03","0.0","0.0","0.0","0.0","0.0","0.0","0.0","0.0","0.0","0.0","0.0","0.0","0.0","65.6","1.5","310","31.0","309","252","97","0.8","0.1","0.0","76.6","2.1","0.0","0","0","0.0","0","23","296","310","54.6","0","0","0","0","0","0","1.4"
"USC00450872","BREMERTON, WA US","09","475","326","185","136","76","2","1","18","20.9","2.4","625","475","326","185","136","76","18","2","1","397","348","0","-7777","-7777","9","21","51","143","0.58","1.61","2.24","8.0","3.9","0.6","0.2","1.55","0.0","0.0","0.0","0.0","0.0","0.0","0.0","0.0","0.0","0.0","0.0","0.0","0.0","60.9","1.7","300","30.0","283","161","38","0.2","0.0","0.0","71.3","2.6","0.0","0","0","-7777","4","133","298","300","50.4","0","0","0","0","15","50","1.4"
"USC00450872","BREMERTON, WA US","10","228","101","29","15","5","-7777","-7777","-7777","16.1","1.8","380","228","101","29","15","5","-7777","-7777","-7777","201","165","-7777","4","31","114","162","245","396","2.84","4.62","6.07","14.6","8.8","3.2","1.2","4.89","0.0","0.0","0.0","0.0","0.0","0.0","0.0","0.0","0.0","0.0","0.0","0.0","0.0","52.3","1.5","310","29.9","147","24","2","0.0","0.0","0.0","60.3","2.0","0.0","0","0","0.1","62","270","310","310","44.2","0","0","0","23","156","616","1.5"
"USC00450872","BREMERTON, WA US","11","56","12","1","-7777","-7777","0","0","0","12.1","1.7","156","56","12","1","-7777","-7777","0","0","0","57","37","20","70","175","315","374","464","613","5.14","8.42","13.30","19.8","13.8","7.1","2.8","9.39","0.0","0.0","0.0","0.4","0.3","0.1","0.1","0.0","0.9","0.6","0.5","0.3","0.1","44.6","2.8","290","16.3","9","0","0","0.0","0.0","0.3","50.6","2.9","0.0","0","2","3.9","175","292","300","300","38.5","9","47","162","439","827","1000","2.9"
"USC00450872","BREMERTON, WA US","12","12","1","-7777","-7777","0","0","0","0","10.6","1.5","60","12","1","-7777","-7777","0","0","0","0","14","6","68","174","319","473","535","628","783","6.38","9.69","12.74","18.5","12.8","6.1","2.7","10.07","0.0","0.0","0.0","0.6","0.4","0.1","0.1","-7777","1.1","0.6","0.3","0.2","0.0","39.7","2.5","267","5.4","-7777","0","0","0.0","0.0","0.7","45.0","2.3","0.0","1","8","10.3","248","309","310","310","34.5","97","276","519","858","986","1000","2.9"
"USC00454169","KENT, WA US","01","36","5","-7777","-7777","0","0","0","0","11.6","1.7","113","36","5","-7777","-7777","0","0","0","0","37","23","48","126","250","400","462","555","710","4.18","5.51","7.07","18.7","12.0","3.3","1.0","5.62",,,,,,,,,,,,,,"42.1","2.5","280","11.8","6","0","0","0.0","0.0","0.2","47.9","2.6","0.0","-7777","4","8.4","209","307","310","310","36.3","111","243","554","893","995","1000","2.6"
"USC00454169","KENT, WA US","02","42","6","-7777","-7777","-7777","0","0","0","15.3","2.2","126","42","6","-7777","-7777","-7777","0","0","0","61","43","24","79","184","318","374","458","598","2.66","3.44","4.76","14.9","9.6","2.2","0.4","3.85",,,,,,,,,,,,,,"43.7","2.6","275","16.7","20","-7777","0","0.0","0.0","0.1","51.3","2.7","0.0","1","4","7.4","190","279","280","280","36.0","55","178","424","758","982","1000","2.9"
"USC00454169","KENT, WA US","03","102","27","4","1","-7777","0","0","-7777","16.7","2.0","231","102","27","4","1","-7777","-7777","0","0","124","96","4","29","109","241","301","392","547","3.34","3.96","4.68","17.3","11.3","2.3","0.4","4.07",,,,,,,,,,,,,,"47.3","2.3","309","25.8","71","6","-7777","0.0","0.0","0.0","55.7","2.8","0.0","0","-7777","4.2","170","306","310","310","39.0","9","28","102","437","860","995","2.1"
"USC00454169","KENT, WA US","04","202","85","25","14","5","0","0","-7777","18.8","2.4","348","202","85","25","14","5","-7777","0","0","200","168","-7777","4","37","127","176","257","402","1.61","2.93","3.48","13.9","8.3","1.7","0.3","2.84",,,,,,,,,,,,,,"51.6","1.8","300","29.2","149","37","5","0.0","0.0","0.0","61.0","2.3","0.0","0","0","0.9","101","282","300","300","42.2","0","0","0","66","399","888","2.0"
"USC00454169","KENT, WA US","05","380","228","104","69","34","1","-7777","7","19.4","2.5","535","380","228","104","69","34","7","1","-7777","322","278","0","-7777","4","35","61","119","247","1.37","2.37","2.85","11.5","6.3","0.8","0.1","2.23",,,,,,,,,,,,,,"57.2","2.0","310","31.0","256","94","17","-7777","0.0","0.0","66.9","2.6","0.0","0","0","0.1","23","204","309","310","47.6","0","0","0","0","38","223","2.0"
"USC00454169","KENT, WA US","06","513","363","215","160","90","5","2","25","19.2","2.3","663","513","363","215","160","90","25","5","2","427","372","0","0","-7777","2","7","27","112","1.20","1.55","2.41","8.7","4.5","0.9","0.2","1.78",,,,,,,,,,,,,,"62.1","1.7","300","30.0","293","158","44","0.3","0.0","0.0","71.7","2.5","0.0","0","0","0.0","3","77","291","300","52.5","0","0","0","0","0","0","1.3"
"USC00454169","KENT, WA US","07","676","521","366","304","213","24","14","87","21.7","2.9","831","676","521","366","304","213","87","24","14","577","517","0","0","0","-7777","-7777","2","31","0.31","0.56","1.23","4.6","2.3","0.3","0.0","0.83",,,,,,,,,,,,,,"66.8","2.1","310","31.0","310","270","111","1.8","0.1","0.0","77.7","2.9","0.0","0","0","0.0","0","32","260","308","55.9","0","0","0","0","0","0","2.2"
"USC00454169","KENT, WA US","08","673","518","363","301","209","17","8","81","22.2","2.8","828","673","518","363","301","209","81","17","8","577","518","0","0","0","-7777","-7777","2","29","0.36","0.72","1.56","4.4","2.4","0.4","0.1","0.99",,,,,,,,,,,,,,"66.7","1.4","310","31.0","310","276","111","0.8","0.0","0.0","77.8","2.0","0.0","0","0","0.0","1","37","261","310","55.6","0","0","0","0","0","0","1.9"
"USC00454169","KENT, WA US","09","493","344","200","149","85","3","1","22","20.9","2.9","643","493","344","200","149","85","22","3","1","419","369","0","0","-7777","7","15","41","128","0.68","1.28","2.14","7.1","4.1","0.9","0.1","1.53",,,,,,,,,,,,,,"61.5","1.7","300","30.0","292","176","40","0.3","0.0","0.0","71.9","2.4","0.0","0","0","0.1","11","118","291","300","51.0","0","0","0","0","2","55","2.0"
"USC00454169","KENT, WA US","10","248","118","34","17","5","-7777","-7777","-7777","16.3","2.5","399","248","118","34","17","5","-7777","-7777","-7777","219","181","-7777","5","29","101","146","227","377","2.44","3.48","4.33","13.2","8.1","1.9","0.5","3.70",,,,,,,,,,,,,,"52.9","1.5","310","30.1","163","25","2","0.0","0.0","0.0","61.0","1.7","0.0","0","0","0.8","72","245","310","310","44.7","0","0","0","67","344","773","2.3"
"USC00454169","KENT, WA US","11","78","19","2","1","-7777","0","0","0","12.6","2.4","186","78","19","2","1","-7777","0","0","0","74","51","21","63","154","287","346","435","585","3.79","5.64","8.19","18.8","12.9","4.3","1.4","6.27",,,,,,,,,,,,,,"45.5","2.9","290","19.1","17","1","0","0.0","0.0","0.3","51.8","2.9","0.0","1","5","4.6","146","287","300","300","39.2","34","103","273","597","912","998","3.4"
"USC00454169","KENT, WA US","12","22","2","-7777","-7777","0","0","0","0","11.1","1.5","83","22","2","-7777","-7777","0","0","0","0","23","13","72","165","302","454","516","609","764","3.59","5.20","6.57","18.7","12.0","3.6","1.1","5.43",,,,,,,,,,,,,,"40.3","2.3","259","8.0","1","0","0","0.0","0.0","0.7","45.9","2.4","0.0","1","11","10.3","235","309","310","310","34.8","147","324","648","937","999","1000","2.4"
