,Music,Techno,Movies,History,Mathematics,Pets,Spiders,Loneliness,Parents' advice,Internet usage,Finances,Age,Siblings,Gender,Village - town
0,5.0,1.0,5.0,1.0,3.0,4.0,1.0,3.0,4.0,few hours a day,3.0,20.0,1.0,female,village
1,4.0,1.0,5.0,1.0,5.0,5.0,1.0,2.0,2.0,few hours a day,3.0,19.0,2.0,female,city
2,5.0,1.0,5.0,1.0,5.0,5.0,1.0,5.0,3.0,few hours a day,2.0,20.0,2.0,female,city
3,5.0,2.0,5.0,4.0,4.0,1.0,5.0,5.0,2.0,most of the day,2.0,22.0,1.0,female,city
4,5.0,2.0,5.0,3.0,2.0,1.0,1.0,3.0,3.0,few hours a day,4.0,20.0,1.0,female,village
5,5.0,1.0,5.0,5.0,2.0,2.0,1.0,2.0,3.0,few hours a day,2.0,20.0,1.0,male,city
6,5.0,5.0,4.0,3.0,1.0,5.0,1.0,3.0,4.0,less than an hour a day,4.0,20.0,1.0,female,village
7,5.0,3.0,5.0,5.0,1.0,5.0,1.0,2.0,3.0,few hours a day,3.0,19.0,1.0,male,city
8,5.0,1.0,5.0,3.0,1.0,1.0,5.0,4.0,4.0,few hours a day,2.0,18.0,1.0,female,city
9,5.0,1.0,5.0,3.0,3.0,2.0,3.0,2.0,3.0,few hours a day,4.0,19.0,3.0,female,city
10,5.0,4.0,5.0,3.0,2.0,5.0,2.0,2.0,4.0,less than an hour a day,2.0,19.0,2.0,female,city
11,5.0,1.0,5.0,2.0,1.0,1.0,5.0,4.0,4.0,few hours a day,2.0,17.0,1.0,female,city
12,5.0,1.0,5.0,4.0,1.0,2.0,1.0,5.0,4.0,few hours a day,4.0,24.0,10.0,female,city
13,5.0,1.0,5.0,2.0,1.0,5.0,3.0,2.0,3.0,few hours a day,3.0,19.0,1.0,female,city
14,5.0,1.0,4.0,2.0,1.0,5.0,2.0,2.0,4.0,most of the day,5.0,22.0,1.0,female,city
15,1.0,1.0,5.0,5.0,3.0,1.0,1.0,4.0,4.0,few hours a day,3.0,18.0,0.0,male,city
16,5.0,4.0,5.0,1.0,1.0,5.0,5.0,2.0,3.0,few hours a day,3.0,19.0,2.0,female,city
17,5.0,1.0,5.0,3.0,1.0,5.0,4.0,4.0,1.0,few hours a day,1.0,20.0,1.0,female,village
18,5.0,4.0,5.0,3.0,5.0,4.0,1.0,4.0,3.0,few hours a day,4.0,18.0,2.0,male,city
19,5.0,3.0,3.0,2.0,3.0,1.0,4.0,2.0,2.0,few hours a day,2.0,18.0,1.0,male,city
20,5.0,3.0,5.0,5.0,2.0,3.0,2.0,2.0,3.0,few hours a day,2.0,20.0,1.0,male,city
21,5.0,1.0,5.0,4.0,3.0,5.0,1.0,4.0,3.0,few hours a day,2.0,24.0,1.0,male,city
22,5.0,3.0,5.0,3.0,1.0,5.0,5.0,3.0,3.0,few hours a day,5.0,22.0,1.0,female,city
23,5.0,1.0,5.0,2.0,2.0,5.0,3.0,3.0,2.0,few hours a day,2.0,20.0,3.0,female,city
24,5.0,3.0,5.0,4.0,2.0,3.0,5.0,4.0,4.0,few hours a day,3.0,19.0,1.0,female,city
25,5.0,2.0,5.0,2.0,3.0,3.0,5.0,2.0,4.0,few hours a day,2.0,20.0,1.0,female,city
26,5.0,2.0,5.0,3.0,2.0,5.0,1.0,4.0,5.0,few hours a day,5.0,22.0,1.0,female,city
27,4.0,4.0,5.0,2.0,1.0,5.0,5.0,3.0,4.0,few hours a day,3.0,19.0,1.0,female,city
28,5.0,3.0,5.0,5.0,1.0,3.0,4.0,3.0,3.0,few hours a day,3.0,20.0,2.0,male,village
29,5.0,3.0,5.0,5.0,2.0,2.0,5.0,3.0,3.0,few hours a day,4.0,19.0,2.0,female,village
30,4.0,3.0,5.0,2.0,1.0,3.0,5.0,2.0,3.0,few hours a day,2.0,25.0,1.0,male,city
31,4.0,1.0,4.0,4.0,2.0,1.0,2.0,2.0,3.0,less than an hour a day,4.0,22.0,1.0,female,city
32,5.0,3.0,5.0,4.0,1.0,5.0,5.0,1.0,3.0,few hours a day,1.0,20.0,4.0,female,city
33,5.0,1.0,4.0,5.0,2.0,5.0,4.0,3.0,4.0,few hours a day,2.0,27.0,1.0,female,city
34,5.0,1.0,5.0,4.0,3.0,1.0,2.0,2.0,2.0,few hours a day,3.0,20.0,5.0,male,city
35,5.0,1.0,5.0,1.0,1.0,5.0,4.0,3.0,3.0,few hours a day,3.0,19.0,1.0,female,village
36,5.0,1.0,5.0,4.0,3.0,5.0,5.0,2.0,5.0,few hours a day,5.0,18.0,1.0,female,city
37,5.0,1.0,4.0,3.0,3.0,3.0,,3.0,3.0,few hours a day,3.0,21.0,1.0,male,city
38,5.0,4.0,5.0,3.0,3.0,5.0,5.0,4.0,4.0,few hours a day,5.0,23.0,1.0,female,village
39,5.0,2.0,4.0,4.0,1.0,5.0,5.0,4.0,3.0,few hours a day,3.0,21.0,1.0,female,city
40,4.0,3.0,5.0,2.0,2.0,2.0,5.0,3.0,1.0,few hours a day,3.0,26.0,1.0,female,city
41,5.0,5.0,3.0,5.0,5.0,3.0,1.0,1.0,3.0,few hours a day,3.0,20.0,3.0,male,city
42,5.0,3.0,5.0,2.0,5.0,5.0,5.0,3.0,2.0,few hours a day,5.0,19.0,0.0,female,city
43,5.0,3.0,5.0,2.0,1.0,5.0,5.0,3.0,3.0,most of the day,3.0,20.0,1.0,female,city
44,4.0,4.0,5.0,4.0,3.0,5.0,5.0,4.0,3.0,few hours a day,4.0,25.0,1.0,female,village
45,5.0,3.0,5.0,5.0,5.0,4.0,5.0,4.0,1.0,most of the day,4.0,27.0,1.0,male,
46,5.0,2.0,5.0,4.0,2.0,4.0,1.0,2.0,4.0,few hours a day,3.0,21.0,1.0,female,city
47,5.0,2.0,5.0,2.0,2.0,5.0,1.0,2.0,3.0,few hours a day,3.0,19.0,1.0,female,city
48,5.0,2.0,3.0,2.0,2.0,2.0,2.0,5.0,3.0,few hours a day,4.0,20.0,1.0,female,village
49,5.0,2.0,5.0,2.0,1.0,5.0,5.0,4.0,3.0,few hours a day,4.0,20.0,1.0,female,city
50,4.0,1.0,5.0,3.0,4.0,5.0,2.0,3.0,3.0,few hours a day,4.0,19.0,2.0,female,city
51,5.0,3.0,5.0,2.0,5.0,4.0,5.0,2.0,4.0,less than an hour a day,5.0,19.0,1.0,female,city
52,5.0,2.0,5.0,5.0,3.0,3.0,5.0,3.0,3.0,few hours a day,1.0,21.0,2.0,female,village
53,5.0,2.0,5.0,3.0,1.0,1.0,5.0,3.0,4.0,less than an hour a day,3.0,18.0,4.0,female,city
54,5.0,4.0,5.0,5.0,1.0,1.0,3.0,3.0,3.0,few hours a day,3.0,21.0,2.0,female,city
55,5.0,5.0,5.0,4.0,2.0,5.0,5.0,3.0,2.0,few hours a day,5.0,23.0,1.0,female,village
56,5.0,1.0,5.0,3.0,4.0,3.0,3.0,5.0,3.0,few hours a day,3.0,20.0,2.0,female,city
57,5.0,1.0,5.0,5.0,1.0,5.0,5.0,2.0,5.0,few hours a day,5.0,21.0,1.0,female,city
58,5.0,3.0,5.0,3.0,3.0,3.0,1.0,5.0,4.0,few hours a day,5.0,19.0,1.0,male,village
59,5.0,4.0,5.0,4.0,1.0,1.0,2.0,3.0,3.0,few hours a day,1.0,22.0,1.0,male,city
60,5.0,1.0,5.0,4.0,4.0,1.0,2.0,4.0,3.0,most of the day,5.0,23.0,1.0,male,city
61,5.0,4.0,5.0,3.0,3.0,5.0,3.0,4.0,4.0,few hours a day,2.0,23.0,1.0,male,city
62,5.0,5.0,5.0,5.0,4.0,1.0,5.0,1.0,4.0,few hours a day,3.0,23.0,2.0,male,city
63,5.0,5.0,5.0,4.0,,3.0,,2.0,3.0,few hours a day,3.0,22.0,2.0,male,city
64,5.0,2.0,5.0,1.0,1.0,5.0,5.0,1.0,4.0,most of the day,1.0,18.0,0.0,female,city
65,4.0,4.0,5.0,5.0,2.0,3.0,1.0,3.0,3.0,few hours a day,1.0,17.0,1.0,male,city
66,4.0,5.0,4.0,3.0,5.0,1.0,1.0,3.0,3.0,less than an hour a day,3.0,20.0,1.0,male,village
67,3.0,1.0,5.0,2.0,4.0,4.0,1.0,2.0,2.0,few hours a day,3.0,24.0,0.0,female,village
68,5.0,4.0,5.0,2.0,5.0,4.0,4.0,4.0,2.0,few hours a day,1.0,18.0,1.0,female,village
69,5.0,1.0,5.0,2.0,1.0,4.0,1.0,3.0,4.0,most of the day,1.0,20.0,3.0,female,city
70,5.0,3.0,5.0,2.0,1.0,2.0,4.0,3.0,5.0,few hours a day,3.0,17.0,1.0,male,city
71,4.0,3.0,4.0,5.0,2.0,5.0,3.0,3.0,3.0,few hours a day,4.0,20.0,1.0,male,city
72,5.0,1.0,5.0,3.0,1.0,2.0,5.0,5.0,3.0,few hours a day,3.0,28.0,1.0,female,city
73,5.0,3.0,5.0,4.0,1.0,5.0,3.0,3.0,4.0,few hours a day,3.0,21.0,1.0,male,city
74,5.0,2.0,5.0,4.0,1.0,3.0,3.0,3.0,4.0,few hours a day,5.0,22.0,1.0,male,city
75,5.0,1.0,4.0,5.0,2.0,4.0,1.0,2.0,3.0,few hours a day,3.0,20.0,1.0,male,village
76,4.0,1.0,4.0,2.0,1.0,3.0,1.0,2.0,4.0,few hours a day,2.0,18.0,1.0,male,city
77,5.0,5.0,5.0,4.0,1.0,1.0,5.0,1.0,4.0,few hours a day,1.0,21.0,1.0,female,city
78,4.0,4.0,5.0,2.0,3.0,3.0,3.0,2.0,4.0,few hours a day,4.0,24.0,1.0,female,village
79,5.0,4.0,5.0,4.0,2.0,5.0,5.0,3.0,4.0,few hours a day,4.0,21.0,2.0,female,city
80,5.0,3.0,5.0,5.0,1.0,5.0,3.0,3.0,3.0,few hours a day,3.0,19.0,1.0,female,city
81,5.0,3.0,5.0,3.0,1.0,2.0,1.0,3.0,3.0,few hours a day,3.0,22.0,1.0,male,city
82,5.0,1.0,5.0,4.0,1.0,5.0,3.0,5.0,3.0,few hours a day,3.0,18.0,1.0,female,city
83,5.0,5.0,5.0,,1.0,5.0,5.0,2.0,2.0,few hours a day,3.0,22.0,2.0,female,city
84,5.0,1.0,5.0,5.0,1.0,5.0,3.0,3.0,4.0,few hours a day,1.0,19.0,0.0,female,city
85,5.0,4.0,5.0,4.0,5.0,1.0,2.0,3.0,2.0,most of the day,2.0,22.0,2.0,male,city
86,4.0,3.0,5.0,5.0,4.0,2.0,2.0,4.0,4.0,few hours a day,2.0,24.0,3.0,male,city
87,5.0,2.0,5.0,5.0,,3.0,3.0,1.0,3.0,few hours a day,2.0,18.0,3.0,female,village
88,5.0,5.0,5.0,5.0,1.0,5.0,5.0,5.0,5.0,few hours a day,1.0,21.0,0.0,female,city
89,5.0,1.0,5.0,3.0,1.0,2.0,2.0,3.0,4.0,few hours a day,4.0,22.0,2.0,female,village
90,4.0,1.0,4.0,1.0,1.0,3.0,5.0,3.0,3.0,most of the day,1.0,19.0,3.0,female,village
91,5.0,1.0,5.0,1.0,1.0,1.0,5.0,2.0,4.0,few hours a day,5.0,18.0,4.0,female,village
92,5.0,1.0,5.0,4.0,3.0,3.0,1.0,4.0,4.0,few hours a day,4.0,19.0,0.0,female,city
93,5.0,1.0,4.0,2.0,4.0,3.0,2.0,3.0,2.0,few hours a day,4.0,24.0,2.0,male,village
94,5.0,4.0,5.0,3.0,1.0,3.0,2.0,2.0,1.0,most of the day,3.0,21.0,1.0,male,city
95,5.0,2.0,5.0,4.0,1.0,4.0,4.0,4.0,2.0,few hours a day,1.0,21.0,1.0,male,city
96,5.0,4.0,2.0,1.0,1.0,1.0,4.0,2.0,2.0,few hours a day,1.0,19.0,1.0,male,city
97,5.0,2.0,5.0,3.0,4.0,5.0,2.0,5.0,3.0,most of the day,2.0,19.0,1.0,male,village
98,3.0,3.0,3.0,1.0,1.0,1.0,5.0,5.0,1.0,few hours a day,3.0,22.0,1.0,male,village
99,5.0,1.0,3.0,3.0,5.0,4.0,5.0,3.0,4.0,less than an hour a day,4.0,18.0,1.0,female,city
100,5.0,2.0,5.0,3.0,2.0,2.0,4.0,3.0,4.0,few hours a day,4.0,21.0,1.0,female,city
101,5.0,1.0,4.0,5.0,1.0,3.0,5.0,3.0,3.0,few hours a day,2.0,18.0,1.0,male,village
102,5.0,1.0,5.0,5.0,4.0,1.0,1.0,3.0,3.0,few hours a day,3.0,20.0,0.0,female,city
103,5.0,4.0,5.0,5.0,2.0,1.0,4.0,2.0,5.0,few hours a day,4.0,22.0,0.0,male,city
104,4.0,3.0,4.0,5.0,2.0,2.0,1.0,1.0,4.0,few hours a day,2.0,21.0,1.0,male,village
105,5.0,1.0,4.0,4.0,1.0,4.0,1.0,2.0,3.0,few hours a day,4.0,24.0,1.0,male,village
106,5.0,3.0,5.0,4.0,3.0,1.0,2.0,4.0,3.0,few hours a day,4.0,19.0,1.0,male,city
107,5.0,1.0,3.0,1.0,1.0,4.0,1.0,1.0,5.0,less than an hour a day,1.0,18.0,1.0,female,city
108,4.0,2.0,5.0,1.0,3.0,3.0,5.0,5.0,2.0,few hours a day,1.0,17.0,1.0,female,city
109,5.0,1.0,5.0,3.0,2.0,1.0,1.0,4.0,3.0,few hours a day,4.0,18.0,0.0,male,city
110,5.0,4.0,4.0,3.0,2.0,3.0,4.0,3.0,3.0,few hours a day,4.0,21.0,1.0,male,city
111,5.0,4.0,4.0,3.0,1.0,1.0,5.0,5.0,3.0,most of the day,2.0,22.0,1.0,female,village
112,5.0,4.0,5.0,2.0,2.0,3.0,4.0,3.0,3.0,less than an hour a day,4.0,20.0,1.0,female,city
113,3.0,5.0,4.0,2.0,1.0,5.0,3.0,2.0,4.0,few hours a day,2.0,21.0,1.0,female,village
114,5.0,1.0,5.0,5.0,1.0,5.0,5.0,2.0,4.0,less than an hour a day,4.0,19.0,1.0,female,city
115,5.0,3.0,5.0,2.0,1.0,3.0,5.0,5.0,3.0,few hours a day,3.0,17.0,0.0,female,city
116,5.0,1.0,4.0,2.0,1.0,4.0,5.0,5.0,4.0,few hours a day,3.0,21.0,1.0,female,city
117,5.0,1.0,4.0,2.0,5.0,5.0,3.0,4.0,4.0,few hours a day,3.0,18.0,3.0,female,village
118,5.0,1.0,5.0,3.0,4.0,4.0,2.0,3.0,3.0,few hours a day,4.0,23.0,1.0,male,city
119,4.0,3.0,3.0,4.0,4.0,3.0,2.0,2.0,4.0,few hours a day,5.0,16.0,1.0,female,village
120,5.0,3.0,3.0,5.0,5.0,5.0,1.0,2.0,2.0,most of the day,4.0,23.0,0.0,male,city
121,4.0,3.0,4.0,1.0,4.0,3.0,1.0,2.0,2.0,few hours a day,2.0,21.0,2.0,male,city
122,5.0,1.0,4.0,5.0,1.0,4.0,2.0,2.0,3.0,few hours a day,4.0,23.0,0.0,female,city
123,5.0,1.0,3.0,2.0,1.0,4.0,1.0,3.0,3.0,few hours a day,4.0,20.0,0.0,female,village
124,4.0,1.0,4.0,4.0,1.0,4.0,1.0,2.0,3.0,few hours a day,3.0,20.0,4.0,male,city
125,5.0,2.0,5.0,4.0,2.0,5.0,4.0,3.0,4.0,few hours a day,3.0,20.0,1.0,female,city
126,3.0,1.0,3.0,5.0,2.0,1.0,1.0,4.0,3.0,few hours a day,4.0,20.0,2.0,female,village
127,4.0,3.0,5.0,4.0,3.0,2.0,2.0,3.0,2.0,most of the day,2.0,19.0,1.0,female,city
128,5.0,5.0,5.0,4.0,3.0,5.0,1.0,5.0,3.0,few hours a day,5.0,15.0,3.0,female,city
129,5.0,1.0,5.0,4.0,1.0,5.0,2.0,2.0,3.0,less than an hour a day,3.0,20.0,1.0,female,village
130,4.0,3.0,5.0,5.0,2.0,1.0,4.0,1.0,4.0,few hours a day,4.0,19.0,1.0,female,village
131,5.0,3.0,5.0,1.0,1.0,3.0,2.0,3.0,2.0,few hours a day,4.0,18.0,2.0,male,village
132,5.0,1.0,5.0,1.0,4.0,5.0,5.0,5.0,2.0,most of the day,5.0,15.0,1.0,female,village
133,5.0,1.0,5.0,4.0,1.0,4.0,4.0,2.0,4.0,less than an hour a day,2.0,20.0,2.0,female,city
134,5.0,4.0,5.0,3.0,1.0,4.0,5.0,5.0,1.0,few hours a day,1.0,16.0,1.0,female,village
135,5.0,1.0,4.0,5.0,3.0,5.0,5.0,3.0,3.0,few hours a day,4.0,18.0,1.0,male,village
136,5.0,1.0,5.0,4.0,2.0,3.0,5.0,4.0,4.0,few hours a day,3.0,21.0,1.0,male,village
137,5.0,2.0,2.0,4.0,3.0,1.0,3.0,5.0,5.0,few hours a day,4.0,,,,village
138,5.0,1.0,5.0,2.0,1.0,3.0,1.0,4.0,5.0,few hours a day,4.0,20.0,4.0,female,village
139,5.0,3.0,5.0,1.0,2.0,5.0,3.0,4.0,4.0,few hours a day,2.0,19.0,1.0,female,village
140,5.0,3.0,5.0,5.0,2.0,5.0,2.0,3.0,4.0,few hours a day,3.0,19.0,3.0,female,city
141,3.0,2.0,3.0,3.0,5.0,5.0,1.0,3.0,3.0,few hours a day,1.0,19.0,1.0,female,city
142,5.0,2.0,4.0,1.0,2.0,1.0,4.0,3.0,2.0,most of the day,2.0,,,male,city
143,5.0,3.0,,,1.0,5.0,5.0,3.0,3.0,most of the day,2.0,20.0,1.0,female,city
144,5.0,4.0,5.0,3.0,1.0,3.0,1.0,4.0,1.0,few hours a day,5.0,21.0,1.0,male,city
145,1.0,3.0,4.0,2.0,1.0,2.0,5.0,3.0,3.0,few hours a day,2.0,19.0,1.0,female,village
146,5.0,,5.0,5.0,1.0,4.0,1.0,3.0,2.0,few hours a day,5.0,21.0,1.0,male,city
147,5.0,1.0,5.0,4.0,5.0,3.0,2.0,4.0,4.0,most of the day,4.0,18.0,2.0,male,city
148,4.0,3.0,4.0,3.0,4.0,1.0,2.0,2.0,4.0,few hours a day,4.0,20.0,3.0,male,village
149,2.0,1.0,3.0,2.0,5.0,1.0,1.0,3.0,3.0,few hours a day,3.0,19.0,5.0,male,city
150,5.0,1.0,5.0,2.0,3.0,1.0,5.0,2.0,3.0,few hours a day,3.0,22.0,1.0,female,city
151,5.0,2.0,5.0,4.0,2.0,3.0,3.0,3.0,3.0,few hours a day,4.0,20.0,1.0,male,city
152,5.0,2.0,5.0,5.0,2.0,4.0,2.0,5.0,4.0,few hours a day,2.0,25.0,2.0,male,city
153,2.0,3.0,3.0,5.0,1.0,1.0,5.0,4.0,4.0,few hours a day,3.0,21.0,0.0,female,city
154,5.0,1.0,4.0,5.0,3.0,3.0,5.0,2.0,3.0,few hours a day,4.0,24.0,1.0,male,city
155,5.0,2.0,4.0,4.0,3.0,4.0,2.0,5.0,5.0,few hours a day,5.0,19.0,1.0,female,city
156,5.0,1.0,5.0,5.0,1.0,4.0,1.0,5.0,3.0,few hours a day,4.0,25.0,1.0,male,city
157,5.0,1.0,5.0,3.0,2.0,2.0,2.0,2.0,4.0,most of the day,4.0,26.0,2.0,male,village
158,5.0,5.0,5.0,1.0,3.0,5.0,5.0,5.0,3.0,few hours a day,2.0,15.0,2.0,female,village
159,5.0,3.0,5.0,4.0,3.0,5.0,2.0,2.0,3.0,few hours a day,3.0,20.0,1.0,male,city
160,5.0,3.0,5.0,4.0,5.0,1.0,1.0,3.0,2.0,few hours a day,3.0,19.0,1.0,male,city
161,5.0,3.0,5.0,2.0,1.0,5.0,4.0,5.0,3.0,few hours a day,3.0,20.0,2.0,female,city
162,4.0,1.0,4.0,5.0,1.0,2.0,2.0,3.0,2.0,few hours a day,4.0,21.0,0.0,male,city
163,5.0,5.0,4.0,5.0,1.0,1.0,4.0,4.0,4.0,most of the day,3.0,22.0,1.0,male,city
164,5.0,3.0,5.0,3.0,1.0,4.0,2.0,3.0,4.0,most of the day,2.0,20.0,1.0,male,village
165,5.0,2.0,5.0,3.0,2.0,2.0,4.0,1.0,5.0,few hours a day,3.0,20.0,1.0,female,city
166,5.0,1.0,4.0,2.0,2.0,1.0,4.0,3.0,4.0,few hours a day,5.0,21.0,1.0,female,city
167,3.0,3.0,3.0,3.0,1.0,4.0,4.0,4.0,2.0,few hours a day,4.0,21.0,1.0,male,village
168,5.0,1.0,5.0,3.0,1.0,1.0,1.0,5.0,3.0,most of the day,3.0,20.0,0.0,female,city
169,5.0,1.0,5.0,4.0,1.0,4.0,5.0,4.0,3.0,few hours a day,5.0,19.0,2.0,female,village
170,4.0,1.0,3.0,5.0,5.0,4.0,3.0,4.0,4.0,few hours a day,5.0,19.0,1.0,male,city
171,5.0,1.0,5.0,4.0,1.0,1.0,1.0,4.0,3.0,few hours a day,3.0,20.0,0.0,male,city
172,5.0,1.0,3.0,5.0,3.0,3.0,1.0,5.0,4.0,most of the day,4.0,22.0,1.0,male,village
173,5.0,5.0,5.0,3.0,4.0,5.0,2.0,4.0,4.0,most of the day,3.0,21.0,1.0,male,city
174,5.0,1.0,5.0,5.0,1.0,3.0,5.0,3.0,3.0,few hours a day,3.0,26.0,0.0,male,city
175,5.0,2.0,4.0,1.0,1.0,5.0,3.0,3.0,3.0,few hours a day,5.0,17.0,2.0,female,city
176,5.0,2.0,5.0,1.0,5.0,4.0,1.0,2.0,4.0,less than an hour a day,4.0,22.0,2.0,male,village
177,5.0,1.0,5.0,3.0,1.0,5.0,1.0,3.0,3.0,few hours a day,3.0,26.0,2.0,male,city
178,4.0,1.0,3.0,4.0,3.0,3.0,2.0,3.0,3.0,few hours a day,4.0,20.0,1.0,female,city
179,4.0,4.0,4.0,5.0,2.0,4.0,5.0,2.0,3.0,few hours a day,5.0,22.0,1.0,male,city
180,4.0,1.0,4.0,4.0,4.0,1.0,1.0,3.0,2.0,few hours a day,4.0,21.0,0.0,male,city
181,5.0,3.0,4.0,4.0,2.0,2.0,1.0,2.0,4.0,few hours a day,3.0,23.0,0.0,male,city
182,5.0,1.0,5.0,3.0,2.0,5.0,5.0,2.0,4.0,few hours a day,2.0,19.0,0.0,female,city
183,5.0,4.0,5.0,5.0,2.0,5.0,3.0,2.0,2.0,few hours a day,4.0,20.0,1.0,male,city
184,5.0,1.0,5.0,3.0,1.0,2.0,2.0,5.0,3.0,few hours a day,2.0,21.0,0.0,female,city
185,3.0,3.0,5.0,2.0,5.0,5.0,3.0,2.0,3.0,less than an hour a day,3.0,19.0,2.0,female,city
186,4.0,2.0,4.0,3.0,1.0,4.0,5.0,2.0,3.0,less than an hour a day,3.0,29.0,2.0,female,city
187,5.0,5.0,4.0,5.0,1.0,2.0,1.0,5.0,3.0,few hours a day,2.0,22.0,1.0,female,city
188,3.0,1.0,2.0,4.0,1.0,,2.0,2.0,4.0,less than an hour a day,5.0,19.0,2.0,female,village
189,5.0,1.0,5.0,4.0,3.0,1.0,3.0,4.0,3.0,few hours a day,4.0,17.0,1.0,female,city
190,4.0,2.0,4.0,3.0,5.0,2.0,5.0,4.0,4.0,few hours a day,4.0,16.0,1.0,female,city
191,5.0,1.0,4.0,3.0,1.0,2.0,1.0,2.0,5.0,less than an hour a day,1.0,29.0,2.0,female,village
192,5.0,4.0,5.0,3.0,1.0,5.0,5.0,5.0,3.0,few hours a day,5.0,18.0,2.0,female,city
193,5.0,1.0,5.0,3.0,1.0,5.0,1.0,3.0,3.0,few hours a day,3.0,26.0,2.0,male,city
194,5.0,1.0,5.0,2.0,1.0,1.0,3.0,3.0,4.0,few hours a day,3.0,19.0,1.0,male,city
195,5.0,1.0,4.0,3.0,1.0,1.0,5.0,3.0,3.0,few hours a day,2.0,19.0,1.0,male,city
196,5.0,3.0,5.0,4.0,1.0,1.0,4.0,2.0,3.0,few hours a day,4.0,20.0,0.0,female,city
197,5.0,1.0,5.0,2.0,1.0,4.0,4.0,3.0,4.0,few hours a day,3.0,22.0,0.0,female,city
198,5.0,2.0,3.0,4.0,1.0,4.0,5.0,1.0,2.0,few hours a day,1.0,20.0,1.0,male,village
199,5.0,4.0,4.0,2.0,1.0,3.0,2.0,3.0,2.0,less than an hour a day,1.0,21.0,1.0,male,village
200,4.0,2.0,5.0,3.0,1.0,5.0,1.0,5.0,2.0,most of the day,4.0,21.0,2.0,male,city
201,5.0,2.0,5.0,4.0,1.0,5.0,1.0,3.0,4.0,few hours a day,2.0,18.0,0.0,,village
202,5.0,4.0,5.0,2.0,1.0,4.0,4.0,3.0,2.0,few hours a day,3.0,15.0,0.0,male,city
203,5.0,3.0,5.0,2.0,3.0,3.0,2.0,3.0,3.0,few hours a day,3.0,19.0,1.0,female,city
204,5.0,1.0,5.0,1.0,4.0,3.0,4.0,3.0,3.0,few hours a day,3.0,24.0,1.0,female,city
205,5.0,1.0,5.0,5.0,1.0,2.0,1.0,3.0,4.0,few hours a day,5.0,19.0,1.0,female,city
206,5.0,1.0,5.0,5.0,4.0,3.0,3.0,3.0,2.0,few hours a day,4.0,25.0,3.0,male,village
207,5.0,1.0,5.0,5.0,1.0,5.0,5.0,4.0,4.0,few hours a day,4.0,20.0,1.0,female,city
208,5.0,1.0,3.0,3.0,1.0,5.0,5.0,3.0,3.0,less than an hour a day,1.0,19.0,2.0,female,village
209,5.0,2.0,5.0,4.0,4.0,3.0,5.0,4.0,2.0,few hours a day,5.0,21.0,1.0,male,village
210,5.0,5.0,5.0,5.0,4.0,5.0,5.0,3.0,5.0,few hours a day,3.0,23.0,2.0,male,village
211,5.0,4.0,5.0,1.0,1.0,4.0,5.0,3.0,4.0,few hours a day,2.0,21.0,1.0,female,village
212,5.0,2.0,5.0,5.0,5.0,1.0,4.0,2.0,3.0,most of the day,3.0,20.0,1.0,male,city
213,5.0,5.0,5.0,3.0,3.0,4.0,3.0,4.0,4.0,few hours a day,5.0,20.0,1.0,female,village
214,4.0,1.0,5.0,4.0,3.0,3.0,5.0,4.0,3.0,less than an hour a day,3.0,18.0,3.0,female,city
215,1.0,1.0,4.0,3.0,1.0,1.0,1.0,2.0,3.0,few hours a day,1.0,27.0,2.0,male,city
216,5.0,2.0,4.0,3.0,3.0,1.0,4.0,3.0,3.0,few hours a day,3.0,17.0,0.0,female,city
217,5.0,2.0,5.0,2.0,2.0,5.0,5.0,3.0,1.0,few hours a day,3.0,19.0,1.0,female,village
218,5.0,3.0,5.0,2.0,2.0,5.0,1.0,4.0,4.0,few hours a day,2.0,18.0,2.0,male,village
219,5.0,5.0,5.0,5.0,1.0,,1.0,2.0,5.0,less than an hour a day,,26.0,1.0,male,city
220,5.0,1.0,5.0,3.0,1.0,5.0,2.0,2.0,4.0,few hours a day,2.0,18.0,2.0,male,village
221,5.0,4.0,5.0,3.0,4.0,4.0,2.0,2.0,2.0,few hours a day,1.0,30.0,2.0,male,city
222,5.0,1.0,5.0,2.0,2.0,1.0,2.0,5.0,4.0,few hours a day,4.0,24.0,1.0,female,city
223,5.0,2.0,5.0,4.0,3.0,5.0,1.0,2.0,2.0,few hours a day,4.0,20.0,0.0,female,village
224,5.0,1.0,5.0,2.0,1.0,1.0,1.0,4.0,2.0,few hours a day,4.0,20.0,1.0,male,village
225,5.0,2.0,5.0,3.0,4.0,3.0,4.0,3.0,3.0,few hours a day,3.0,20.0,1.0,male,village
226,5.0,3.0,5.0,2.0,1.0,5.0,1.0,5.0,4.0,few hours a day,3.0,25.0,1.0,,village
227,5.0,1.0,5.0,5.0,3.0,3.0,1.0,1.0,2.0,few hours a day,2.0,19.0,3.0,female,village
228,4.0,2.0,5.0,3.0,3.0,5.0,1.0,3.0,4.0,few hours a day,5.0,20.0,2.0,female,village
229,4.0,3.0,3.0,2.0,4.0,1.0,1.0,2.0,4.0,few hours a day,1.0,21.0,5.0,male,village
230,5.0,2.0,4.0,4.0,3.0,4.0,5.0,2.0,4.0,few hours a day,3.0,19.0,1.0,female,village
231,5.0,1.0,5.0,2.0,2.0,5.0,1.0,3.0,4.0,few hours a day,5.0,19.0,0.0,female,village
232,5.0,3.0,5.0,1.0,4.0,1.0,2.0,5.0,3.0,few hours a day,4.0,19.0,2.0,female,village
233,4.0,4.0,5.0,1.0,1.0,5.0,4.0,2.0,3.0,few hours a day,4.0,18.0,1.0,female,city
234,4.0,1.0,3.0,1.0,5.0,5.0,4.0,4.0,4.0,few hours a day,5.0,18.0,1.0,female,village
235,5.0,1.0,5.0,5.0,1.0,3.0,2.0,3.0,3.0,few hours a day,3.0,16.0,0.0,female,city
236,1.0,1.0,5.0,5.0,3.0,5.0,1.0,2.0,4.0,less than an hour a day,3.0,19.0,0.0,female,city
237,5.0,3.0,4.0,2.0,4.0,5.0,5.0,2.0,2.0,few hours a day,3.0,18.0,3.0,female,city
238,5.0,1.0,5.0,2.0,2.0,3.0,4.0,2.0,2.0,few hours a day,1.0,19.0,2.0,female,city
239,5.0,2.0,5.0,4.0,1.0,4.0,5.0,2.0,3.0,less than an hour a day,3.0,21.0,1.0,female,city
240,3.0,2.0,3.0,3.0,2.0,3.0,3.0,3.0,2.0,few hours a day,2.0,21.0,1.0,male,city
241,5.0,1.0,5.0,3.0,4.0,5.0,5.0,2.0,5.0,few hours a day,5.0,18.0,1.0,female,city
242,3.0,1.0,5.0,3.0,1.0,2.0,,3.0,4.0,less than an hour a day,5.0,21.0,0.0,female,city
243,,1.0,5.0,4.0,4.0,1.0,1.0,5.0,4.0,few hours a day,5.0,17.0,0.0,female,city
244,5.0,2.0,5.0,1.0,1.0,5.0,5.0,2.0,3.0,most of the day,3.0,20.0,0.0,female,city
245,5.0,1.0,5.0,3.0,1.0,5.0,1.0,3.0,3.0,less than an hour a day,1.0,19.0,1.0,female,city
246,5.0,1.0,5.0,5.0,5.0,5.0,4.0,2.0,3.0,few hours a day,4.0,27.0,0.0,male,city
247,5.0,2.0,5.0,3.0,1.0,1.0,2.0,3.0,3.0,few hours a day,3.0,22.0,2.0,female,city
248,5.0,3.0,5.0,5.0,2.0,3.0,3.0,3.0,4.0,few hours a day,3.0,19.0,2.0,female,city
249,5.0,2.0,5.0,4.0,1.0,5.0,5.0,3.0,4.0,no time at all,3.0,19.0,3.0,female,village
250,5.0,2.0,5.0,1.0,1.0,1.0,1.0,3.0,4.0,few hours a day,4.0,20.0,0.0,female,city
251,5.0,5.0,5.0,2.0,1.0,5.0,1.0,2.0,3.0,few hours a day,3.0,19.0,2.0,female,village
252,5.0,2.0,5.0,3.0,1.0,5.0,4.0,5.0,3.0,few hours a day,5.0,20.0,0.0,female,village
253,5.0,1.0,3.0,1.0,1.0,1.0,3.0,4.0,2.0,few hours a day,3.0,17.0,2.0,female,city
254,5.0,3.0,5.0,2.0,2.0,5.0,5.0,5.0,3.0,few hours a day,3.0,23.0,2.0,female,village
255,5.0,1.0,5.0,2.0,2.0,3.0,3.0,3.0,4.0,few hours a day,5.0,20.0,2.0,female,city
256,5.0,1.0,3.0,3.0,1.0,1.0,5.0,1.0,3.0,few hours a day,1.0,20.0,1.0,female,city
257,5.0,5.0,5.0,4.0,5.0,1.0,2.0,2.0,3.0,few hours a day,4.0,19.0,2.0,male,city
258,5.0,1.0,5.0,2.0,4.0,2.0,1.0,2.0,2.0,most of the day,4.0,20.0,1.0,female,city
259,2.0,1.0,3.0,5.0,1.0,1.0,1.0,3.0,3.0,few hours a day,4.0,19.0,4.0,male,village
260,3.0,3.0,3.0,3.0,1.0,3.0,3.0,3.0,3.0,few hours a day,3.0,19.0,0.0,male,city
261,5.0,1.0,5.0,3.0,4.0,5.0,3.0,4.0,3.0,few hours a day,2.0,18.0,1.0,female,city
262,5.0,3.0,4.0,3.0,3.0,3.0,4.0,5.0,4.0,few hours a day,3.0,19.0,1.0,female,city
263,5.0,3.0,5.0,1.0,3.0,3.0,4.0,1.0,3.0,few hours a day,1.0,15.0,3.0,female,city
264,3.0,3.0,5.0,2.0,2.0,5.0,4.0,3.0,3.0,few hours a day,3.0,19.0,1.0,female,village
265,5.0,1.0,5.0,1.0,2.0,5.0,4.0,3.0,3.0,most of the day,5.0,15.0,1.0,female,city
266,5.0,1.0,5.0,3.0,4.0,4.0,3.0,4.0,4.0,few hours a day,2.0,19.0,1.0,female,city
267,5.0,2.0,4.0,4.0,3.0,5.0,1.0,1.0,2.0,few hours a day,3.0,21.0,2.0,female,city
268,5.0,1.0,4.0,1.0,5.0,5.0,5.0,2.0,3.0,few hours a day,4.0,19.0,2.0,female,city
269,5.0,2.0,5.0,3.0,2.0,3.0,2.0,3.0,2.0,few hours a day,4.0,17.0,1.0,female,village
270,5.0,2.0,5.0,3.0,1.0,5.0,5.0,3.0,3.0,few hours a day,2.0,23.0,1.0,female,city
271,5.0,1.0,5.0,4.0,2.0,5.0,2.0,2.0,3.0,less than an hour a day,4.0,24.0,0.0,male,village
272,5.0,1.0,5.0,3.0,3.0,5.0,2.0,3.0,3.0,less than an hour a day,4.0,19.0,1.0,female,city
273,5.0,4.0,5.0,3.0,2.0,1.0,4.0,3.0,4.0,few hours a day,3.0,19.0,2.0,female,city
274,5.0,2.0,4.0,5.0,1.0,4.0,4.0,2.0,2.0,few hours a day,4.0,22.0,0.0,female,city
275,5.0,4.0,5.0,5.0,2.0,2.0,4.0,4.0,2.0,few hours a day,2.0,20.0,1.0,female,city
276,5.0,1.0,5.0,4.0,3.0,1.0,3.0,4.0,3.0,few hours a day,1.0,21.0,2.0,female,village
277,5.0,2.0,5.0,5.0,2.0,1.0,5.0,4.0,3.0,few hours a day,4.0,19.0,0.0,male,city
278,5.0,3.0,5.0,4.0,3.0,5.0,1.0,3.0,4.0,few hours a day,3.0,19.0,2.0,male,village
279,5.0,2.0,4.0,3.0,1.0,5.0,2.0,4.0,3.0,few hours a day,3.0,20.0,1.0,female,city
280,5.0,5.0,4.0,3.0,1.0,4.0,5.0,5.0,3.0,few hours a day,3.0,18.0,1.0,female,city
281,5.0,3.0,4.0,2.0,1.0,5.0,2.0,4.0,3.0,few hours a day,2.0,19.0,1.0,male,city
282,5.0,1.0,3.0,1.0,1.0,5.0,5.0,3.0,3.0,less than an hour a day,4.0,20.0,2.0,female,city
283,5.0,3.0,5.0,2.0,5.0,1.0,1.0,1.0,3.0,few hours a day,3.0,22.0,1.0,male,city
284,1.0,1.0,5.0,2.0,4.0,4.0,3.0,1.0,3.0,most of the day,5.0,20.0,2.0,male,city
285,5.0,1.0,5.0,2.0,2.0,5.0,5.0,2.0,3.0,few hours a day,4.0,20.0,2.0,female,city
286,5.0,1.0,5.0,4.0,1.0,5.0,4.0,3.0,1.0,few hours a day,2.0,27.0,1.0,female,city
287,5.0,3.0,5.0,4.0,1.0,4.0,5.0,3.0,3.0,few hours a day,3.0,19.0,1.0,female,city
288,5.0,5.0,4.0,2.0,1.0,3.0,3.0,3.0,3.0,few hours a day,3.0,22.0,2.0,male,city
289,5.0,2.0,4.0,5.0,1.0,4.0,1.0,2.0,2.0,most of the day,1.0,19.0,0.0,male,city
290,4.0,1.0,5.0,4.0,1.0,2.0,1.0,4.0,4.0,few hours a day,1.0,20.0,1.0,female,city
291,4.0,2.0,4.0,4.0,2.0,3.0,2.0,2.0,3.0,few hours a day,3.0,20.0,1.0,male,village
292,5.0,2.0,5.0,3.0,1.0,5.0,4.0,3.0,4.0,few hours a day,4.0,21.0,1.0,female,city
293,5.0,1.0,5.0,4.0,5.0,5.0,2.0,4.0,1.0,few hours a day,3.0,16.0,1.0,female,village
294,5.0,1.0,3.0,5.0,1.0,5.0,5.0,4.0,2.0,less than an hour a day,3.0,19.0,1.0,female,city
295,5.0,1.0,5.0,3.0,1.0,5.0,3.0,2.0,4.0,few hours a day,3.0,18.0,1.0,female,village
296,5.0,5.0,5.0,4.0,4.0,4.0,1.0,1.0,3.0,few hours a day,1.0,23.0,1.0,male,city
297,5.0,4.0,5.0,1.0,3.0,3.0,1.0,4.0,3.0,few hours a day,2.0,19.0,0.0,male,village
298,5.0,2.0,5.0,3.0,1.0,5.0,3.0,3.0,3.0,less than an hour a day,4.0,19.0,0.0,female,city
299,5.0,1.0,5.0,3.0,1.0,4.0,5.0,2.0,4.0,few hours a day,3.0,22.0,1.0,female,city
300,5.0,1.0,3.0,3.0,3.0,2.0,1.0,2.0,3.0,most of the day,4.0,18.0,1.0,female,city
301,4.0,1.0,5.0,5.0,2.0,3.0,1.0,2.0,4.0,few hours a day,4.0,20.0,1.0,male,city
302,5.0,1.0,5.0,3.0,1.0,1.0,1.0,3.0,4.0,less than an hour a day,3.0,19.0,1.0,female,village
303,4.0,1.0,5.0,4.0,5.0,5.0,4.0,4.0,4.0,few hours a day,4.0,25.0,1.0,female,city
304,5.0,1.0,5.0,4.0,1.0,1.0,3.0,3.0,1.0,few hours a day,3.0,18.0,2.0,female,city
305,5.0,1.0,5.0,5.0,4.0,5.0,2.0,3.0,3.0,few hours a day,2.0,20.0,0.0,female,city
306,5.0,4.0,5.0,3.0,4.0,5.0,5.0,4.0,4.0,few hours a day,4.0,15.0,1.0,female,city
307,5.0,1.0,5.0,2.0,5.0,1.0,5.0,5.0,4.0,few hours a day,4.0,19.0,2.0,female,city
308,5.0,4.0,4.0,3.0,2.0,3.0,3.0,3.0,4.0,few hours a day,3.0,19.0,2.0,female,city
309,5.0,2.0,4.0,2.0,3.0,1.0,1.0,2.0,3.0,few hours a day,3.0,16.0,0.0,female,village
310,5.0,5.0,3.0,1.0,2.0,5.0,3.0,4.0,4.0,few hours a day,3.0,19.0,1.0,male,city
311,5.0,2.0,5.0,5.0,3.0,2.0,5.0,3.0,4.0,few hours a day,3.0,18.0,0.0,female,city
312,2.0,2.0,5.0,2.0,2.0,3.0,2.0,3.0,3.0,few hours a day,2.0,15.0,1.0,male,city
313,5.0,2.0,5.0,3.0,1.0,3.0,5.0,2.0,4.0,few hours a day,3.0,20.0,1.0,female,city
314,5.0,5.0,5.0,5.0,5.0,5.0,2.0,2.0,4.0,few hours a day,3.0,20.0,2.0,male,village
315,5.0,1.0,4.0,4.0,1.0,1.0,5.0,3.0,4.0,few hours a day,1.0,20.0,1.0,male,city
316,5.0,4.0,4.0,3.0,2.0,5.0,3.0,2.0,3.0,less than an hour a day,3.0,20.0,1.0,female,city
317,5.0,4.0,5.0,1.0,3.0,5.0,1.0,3.0,4.0,few hours a day,3.0,19.0,2.0,male,city
318,5.0,2.0,5.0,3.0,3.0,5.0,5.0,3.0,3.0,less than an hour a day,3.0,16.0,0.0,female,city
319,5.0,3.0,5.0,3.0,1.0,3.0,5.0,1.0,5.0,few hours a day,3.0,18.0,1.0,female,city
320,5.0,4.0,5.0,5.0,3.0,3.0,1.0,3.0,4.0,few hours a day,5.0,20.0,0.0,male,village
321,5.0,3.0,5.0,4.0,1.0,5.0,5.0,3.0,4.0,few hours a day,2.0,16.0,0.0,female,city
322,5.0,1.0,4.0,5.0,1.0,5.0,2.0,2.0,4.0,few hours a day,2.0,18.0,1.0,female,city
323,5.0,1.0,3.0,2.0,3.0,5.0,4.0,4.0,3.0,few hours a day,4.0,20.0,1.0,male,village
324,5.0,2.0,5.0,1.0,2.0,3.0,2.0,3.0,4.0,few hours a day,3.0,18.0,1.0,female,city
325,5.0,4.0,4.0,5.0,1.0,5.0,2.0,3.0,4.0,less than an hour a day,4.0,19.0,1.0,male,village
326,5.0,3.0,5.0,4.0,4.0,4.0,1.0,1.0,4.0,few hours a day,3.0,19.0,0.0,female,city
327,5.0,1.0,5.0,3.0,2.0,5.0,5.0,3.0,3.0,few hours a day,5.0,20.0,1.0,female,city
328,5.0,1.0,5.0,1.0,5.0,1.0,1.0,3.0,3.0,few hours a day,5.0,18.0,0.0,male,city
329,5.0,3.0,5.0,3.0,2.0,4.0,2.0,5.0,3.0,few hours a day,2.0,17.0,1.0,female,city
330,5.0,3.0,5.0,4.0,1.0,5.0,5.0,2.0,3.0,few hours a day,3.0,22.0,0.0,female,city
331,5.0,4.0,5.0,2.0,3.0,5.0,3.0,3.0,3.0,few hours a day,3.0,17.0,1.0,male,village
332,4.0,1.0,5.0,3.0,4.0,5.0,3.0,5.0,4.0,few hours a day,5.0,22.0,2.0,female,village
333,5.0,2.0,4.0,5.0,3.0,5.0,3.0,3.0,5.0,few hours a day,3.0,16.0,1.0,female,city
334,5.0,1.0,5.0,4.0,1.0,2.0,4.0,5.0,4.0,few hours a day,4.0,24.0,1.0,female,city
335,5.0,4.0,5.0,5.0,3.0,3.0,1.0,4.0,2.0,few hours a day,3.0,17.0,1.0,male,city
336,5.0,4.0,5.0,1.0,5.0,4.0,5.0,2.0,4.0,few hours a day,5.0,17.0,1.0,male,city
337,5.0,5.0,5.0,3.0,4.0,5.0,3.0,2.0,1.0,few hours a day,1.0,17.0,2.0,male,city
338,5.0,2.0,5.0,2.0,3.0,1.0,2.0,4.0,3.0,few hours a day,1.0,15.0,3.0,female,city
339,5.0,1.0,5.0,5.0,1.0,5.0,2.0,3.0,4.0,few hours a day,2.0,18.0,2.0,female,city
340,5.0,1.0,4.0,5.0,1.0,1.0,5.0,2.0,3.0,few hours a day,4.0,18.0,2.0,female,village
341,5.0,5.0,5.0,3.0,1.0,2.0,5.0,5.0,2.0,most of the day,1.0,16.0,1.0,male,village
342,5.0,3.0,3.0,2.0,4.0,5.0,5.0,2.0,4.0,most of the day,3.0,20.0,1.0,female,city
343,5.0,1.0,4.0,2.0,1.0,5.0,3.0,3.0,4.0,less than an hour a day,3.0,29.0,2.0,female,city
344,5.0,1.0,4.0,1.0,1.0,1.0,3.0,2.0,4.0,few hours a day,5.0,24.0,3.0,female,village
345,4.0,3.0,4.0,3.0,3.0,4.0,1.0,3.0,3.0,less than an hour a day,4.0,18.0,0.0,female,city
346,5.0,4.0,5.0,5.0,1.0,5.0,1.0,2.0,3.0,few hours a day,1.0,17.0,1.0,male,city
347,5.0,2.0,5.0,2.0,2.0,1.0,2.0,4.0,3.0,most of the day,1.0,18.0,1.0,male,city
348,5.0,2.0,5.0,3.0,3.0,4.0,5.0,3.0,3.0,few hours a day,2.0,16.0,1.0,male,city
349,5.0,4.0,5.0,3.0,2.0,5.0,5.0,2.0,4.0,few hours a day,3.0,17.0,2.0,female,city
350,2.0,2.0,5.0,2.0,2.0,3.0,1.0,2.0,3.0,most of the day,3.0,20.0,2.0,male,city
351,5.0,1.0,5.0,3.0,5.0,5.0,5.0,3.0,4.0,few hours a day,4.0,16.0,1.0,female,village
352,5.0,1.0,5.0,1.0,1.0,2.0,3.0,4.0,3.0,few hours a day,3.0,19.0,1.0,male,city
353,5.0,1.0,5.0,4.0,2.0,3.0,3.0,4.0,4.0,few hours a day,3.0,18.0,1.0,female,city
354,5.0,3.0,5.0,3.0,4.0,4.0,3.0,1.0,5.0,few hours a day,4.0,20.0,1.0,female,city
355,5.0,2.0,5.0,4.0,4.0,1.0,5.0,3.0,5.0,few hours a day,4.0,19.0,1.0,male,city
356,4.0,2.0,4.0,5.0,5.0,3.0,1.0,1.0,3.0,few hours a day,3.0,18.0,1.0,male,city
357,5.0,3.0,4.0,1.0,3.0,5.0,5.0,3.0,4.0,few hours a day,2.0,21.0,0.0,male,city
358,4.0,2.0,5.0,5.0,2.0,5.0,4.0,3.0,4.0,less than an hour a day,4.0,19.0,2.0,male,city
359,5.0,2.0,5.0,5.0,1.0,5.0,5.0,3.0,3.0,few hours a day,1.0,20.0,2.0,female,city
360,5.0,1.0,5.0,4.0,5.0,2.0,2.0,4.0,4.0,few hours a day,3.0,23.0,1.0,female,city
361,5.0,1.0,5.0,4.0,1.0,5.0,1.0,1.0,3.0,less than an hour a day,4.0,19.0,1.0,female,village
362,5.0,2.0,5.0,5.0,1.0,3.0,5.0,3.0,4.0,few hours a day,5.0,19.0,2.0,female,city
363,5.0,1.0,5.0,5.0,1.0,3.0,5.0,3.0,4.0,few hours a day,5.0,19.0,2.0,female,city
364,2.0,2.0,5.0,3.0,2.0,1.0,4.0,4.0,4.0,few hours a day,4.0,20.0,2.0,male,city
365,5.0,2.0,5.0,5.0,1.0,1.0,1.0,2.0,3.0,few hours a day,3.0,24.0,5.0,male,village
366,5.0,3.0,5.0,1.0,5.0,1.0,1.0,3.0,5.0,most of the day,4.0,19.0,1.0,male,city
367,5.0,3.0,5.0,5.0,1.0,3.0,1.0,3.0,4.0,few hours a day,5.0,20.0,2.0,male,village
368,5.0,,5.0,3.0,1.0,5.0,1.0,3.0,4.0,few hours a day,4.0,18.0,1.0,female,
369,5.0,5.0,4.0,4.0,4.0,5.0,2.0,2.0,3.0,less than an hour a day,4.0,17.0,1.0,male,village
370,5.0,1.0,5.0,4.0,2.0,5.0,5.0,2.0,3.0,few hours a day,3.0,19.0,2.0,female,village
371,5.0,2.0,5.0,2.0,5.0,3.0,2.0,1.0,3.0,few hours a day,3.0,19.0,4.0,female,village
372,4.0,4.0,4.0,3.0,1.0,1.0,1.0,2.0,2.0,most of the day,3.0,20.0,2.0,male,city
373,5.0,1.0,5.0,5.0,1.0,1.0,2.0,4.0,3.0,most of the day,4.0,20.0,0.0,male,city
374,5.0,3.0,5.0,2.0,1.0,5.0,5.0,4.0,4.0,few hours a day,1.0,21.0,1.0,female,city
375,5.0,,5.0,2.0,3.0,1.0,5.0,2.0,3.0,few hours a day,4.0,20.0,2.0,female,city
376,5.0,1.0,5.0,2.0,1.0,5.0,5.0,2.0,4.0,few hours a day,1.0,20.0,1.0,female,city
377,5.0,1.0,5.0,3.0,5.0,4.0,1.0,4.0,3.0,few hours a day,3.0,17.0,0.0,female,village
378,5.0,3.0,5.0,4.0,5.0,5.0,2.0,2.0,4.0,few hours a day,2.0,20.0,2.0,female,city
379,5.0,2.0,5.0,3.0,3.0,3.0,2.0,3.0,4.0,few hours a day,3.0,25.0,2.0,male,city
380,5.0,5.0,5.0,3.0,2.0,4.0,2.0,2.0,3.0,most of the day,4.0,20.0,1.0,female,city
381,5.0,1.0,5.0,5.0,2.0,5.0,2.0,1.0,3.0,few hours a day,2.0,21.0,1.0,female,city
382,5.0,4.0,5.0,4.0,1.0,5.0,5.0,2.0,4.0,few hours a day,2.0,21.0,0.0,female,village
383,5.0,2.0,5.0,1.0,5.0,1.0,2.0,2.0,3.0,most of the day,3.0,22.0,1.0,male,city
384,5.0,1.0,2.0,2.0,5.0,1.0,5.0,4.0,3.0,few hours a day,2.0,19.0,1.0,female,city
385,5.0,3.0,5.0,3.0,3.0,1.0,1.0,3.0,2.0,few hours a day,2.0,25.0,1.0,male,city
386,5.0,4.0,4.0,2.0,3.0,2.0,2.0,3.0,3.0,few hours a day,4.0,19.0,0.0,female,city
387,5.0,2.0,5.0,2.0,2.0,5.0,1.0,3.0,3.0,few hours a day,4.0,25.0,2.0,female,city
388,5.0,3.0,5.0,3.0,4.0,5.0,5.0,2.0,3.0,few hours a day,3.0,25.0,1.0,female,city
389,5.0,1.0,5.0,2.0,2.0,3.0,2.0,3.0,5.0,few hours a day,4.0,21.0,0.0,female,city
390,4.0,3.0,5.0,5.0,3.0,2.0,2.0,1.0,4.0,few hours a day,4.0,20.0,2.0,male,city
391,4.0,1.0,4.0,4.0,4.0,2.0,3.0,3.0,4.0,few hours a day,3.0,24.0,2.0,female,city
392,5.0,2.0,5.0,3.0,3.0,1.0,3.0,4.0,3.0,less than an hour a day,4.0,30.0,2.0,female,city
393,5.0,1.0,5.0,5.0,1.0,3.0,1.0,3.0,3.0,few hours a day,4.0,21.0,1.0,male,city
394,5.0,1.0,4.0,1.0,4.0,3.0,5.0,3.0,1.0,few hours a day,3.0,27.0,3.0,male,city
395,5.0,5.0,5.0,4.0,4.0,1.0,1.0,3.0,2.0,few hours a day,3.0,21.0,1.0,male,city
396,5.0,2.0,2.0,2.0,4.0,1.0,4.0,4.0,4.0,few hours a day,3.0,16.0,0.0,female,city
397,5.0,1.0,5.0,1.0,4.0,5.0,2.0,3.0,4.0,most of the day,3.0,21.0,1.0,female,village
398,5.0,5.0,5.0,3.0,4.0,1.0,3.0,2.0,5.0,few hours a day,3.0,20.0,1.0,female,village
399,5.0,1.0,5.0,5.0,4.0,5.0,1.0,1.0,2.0,less than an hour a day,3.0,22.0,1.0,female,city
400,5.0,4.0,5.0,5.0,5.0,1.0,2.0,2.0,3.0,most of the day,3.0,19.0,1.0,male,village
401,5.0,1.0,4.0,2.0,1.0,1.0,1.0,2.0,4.0,few hours a day,4.0,20.0,1.0,female,village
402,5.0,3.0,5.0,5.0,1.0,5.0,1.0,4.0,4.0,most of the day,3.0,25.0,1.0,male,city
403,2.0,1.0,4.0,2.0,2.0,4.0,1.0,4.0,3.0,less than an hour a day,2.0,23.0,2.0,male,village
404,5.0,5.0,5.0,2.0,2.0,5.0,2.0,4.0,3.0,few hours a day,5.0,20.0,2.0,female,village
405,4.0,2.0,4.0,5.0,2.0,3.0,3.0,3.0,4.0,few hours a day,3.0,20.0,1.0,female,city
406,5.0,4.0,5.0,1.0,1.0,1.0,1.0,1.0,3.0,less than an hour a day,4.0,21.0,1.0,female,village
407,5.0,2.0,5.0,4.0,2.0,5.0,4.0,2.0,3.0,less than an hour a day,3.0,19.0,1.0,female,city
408,5.0,1.0,4.0,3.0,1.0,1.0,3.0,2.0,4.0,few hours a day,2.0,21.0,1.0,female,city
409,5.0,4.0,5.0,1.0,3.0,3.0,5.0,5.0,2.0,few hours a day,3.0,16.0,0.0,female,city
410,5.0,1.0,5.0,3.0,4.0,5.0,1.0,2.0,3.0,few hours a day,3.0,20.0,1.0,male,village
411,5.0,2.0,5.0,5.0,1.0,3.0,5.0,2.0,4.0,few hours a day,2.0,18.0,0.0,female,city
412,5.0,5.0,2.0,4.0,1.0,5.0,1.0,5.0,3.0,less than an hour a day,3.0,21.0,1.0,female,city
413,5.0,3.0,5.0,4.0,3.0,4.0,3.0,3.0,3.0,few hours a day,3.0,21.0,2.0,male,village
414,5.0,2.0,5.0,4.0,3.0,3.0,4.0,1.0,3.0,few hours a day,3.0,18.0,2.0,male,city
415,5.0,3.0,5.0,1.0,1.0,1.0,5.0,5.0,3.0,few hours a day,1.0,19.0,1.0,female,village
416,4.0,4.0,,2.0,5.0,3.0,3.0,3.0,2.0,few hours a day,3.0,20.0,1.0,female,village
417,5.0,1.0,5.0,4.0,5.0,5.0,4.0,5.0,3.0,most of the day,2.0,18.0,1.0,male,village
418,5.0,1.0,5.0,1.0,1.0,5.0,5.0,2.0,3.0,less than an hour a day,3.0,18.0,1.0,female,village
419,5.0,3.0,3.0,3.0,1.0,2.0,1.0,2.0,3.0,less than an hour a day,3.0,23.0,0.0,female,village
420,5.0,1.0,5.0,5.0,1.0,2.0,3.0,2.0,4.0,few hours a day,3.0,20.0,1.0,female,village
421,5.0,2.0,5.0,5.0,4.0,5.0,2.0,3.0,3.0,few hours a day,5.0,18.0,1.0,female,village
422,5.0,5.0,5.0,4.0,1.0,5.0,5.0,3.0,4.0,few hours a day,4.0,28.0,1.0,female,city
423,5.0,2.0,4.0,2.0,1.0,5.0,2.0,2.0,3.0,few hours a day,5.0,24.0,1.0,female,village
424,5.0,5.0,5.0,3.0,1.0,5.0,5.0,3.0,3.0,few hours a day,2.0,19.0,2.0,female,city
425,5.0,2.0,5.0,3.0,1.0,5.0,5.0,5.0,4.0,less than an hour a day,4.0,21.0,3.0,female,village
426,5.0,1.0,4.0,1.0,1.0,1.0,5.0,1.0,2.0,less than an hour a day,3.0,22.0,1.0,female,city
427,5.0,2.0,5.0,3.0,1.0,1.0,5.0,3.0,2.0,few hours a day,1.0,19.0,1.0,male,city
428,5.0,3.0,5.0,2.0,2.0,5.0,4.0,4.0,4.0,few hours a day,4.0,18.0,2.0,female,city
429,5.0,1.0,5.0,2.0,1.0,4.0,2.0,3.0,3.0,most of the day,3.0,21.0,0.0,female,city
430,5.0,3.0,5.0,4.0,2.0,4.0,3.0,3.0,3.0,less than an hour a day,4.0,19.0,1.0,female,village
431,4.0,5.0,5.0,2.0,5.0,3.0,3.0,3.0,4.0,few hours a day,5.0,19.0,2.0,male,village
432,5.0,1.0,4.0,5.0,2.0,3.0,2.0,4.0,2.0,few hours a day,3.0,20.0,1.0,male,city
433,5.0,2.0,5.0,3.0,5.0,1.0,1.0,3.0,3.0,few hours a day,3.0,19.0,3.0,female,city
434,5.0,4.0,5.0,5.0,1.0,4.0,3.0,4.0,4.0,few hours a day,2.0,18.0,1.0,male,city
435,5.0,1.0,4.0,2.0,1.0,5.0,5.0,3.0,4.0,few hours a day,2.0,18.0,1.0,female,city
436,4.0,3.0,4.0,2.0,2.0,2.0,3.0,5.0,3.0,few hours a day,1.0,19.0,1.0,male,city
437,5.0,4.0,5.0,1.0,1.0,1.0,5.0,3.0,3.0,few hours a day,3.0,18.0,0.0,female,city
438,5.0,1.0,5.0,1.0,1.0,4.0,5.0,5.0,3.0,few hours a day,1.0,18.0,2.0,female,village
439,5.0,4.0,5.0,4.0,3.0,1.0,1.0,1.0,4.0,few hours a day,4.0,19.0,1.0,male,city
440,5.0,4.0,5.0,4.0,1.0,3.0,5.0,3.0,5.0,few hours a day,3.0,19.0,1.0,female,city
441,5.0,1.0,5.0,1.0,2.0,5.0,1.0,3.0,3.0,few hours a day,3.0,19.0,1.0,female,city
442,5.0,2.0,5.0,2.0,3.0,5.0,2.0,4.0,3.0,few hours a day,2.0,18.0,6.0,female,city
443,4.0,3.0,4.0,5.0,3.0,1.0,1.0,4.0,4.0,few hours a day,3.0,18.0,3.0,female,village
444,5.0,4.0,5.0,3.0,4.0,1.0,2.0,4.0,3.0,few hours a day,4.0,19.0,1.0,female,city
445,5.0,1.0,5.0,4.0,1.0,5.0,5.0,2.0,4.0,few hours a day,3.0,20.0,1.0,female,city
446,4.0,4.0,5.0,1.0,3.0,2.0,4.0,3.0,3.0,few hours a day,2.0,19.0,1.0,male,city
447,3.0,1.0,4.0,5.0,3.0,4.0,4.0,4.0,5.0,less than an hour a day,5.0,26.0,3.0,female,village
448,5.0,3.0,5.0,3.0,4.0,4.0,3.0,2.0,3.0,few hours a day,2.0,19.0,1.0,female,village
449,5.0,1.0,5.0,2.0,3.0,,4.0,3.0,3.0,few hours a day,5.0,19.0,1.0,female,village
450,5.0,1.0,5.0,3.0,2.0,5.0,1.0,3.0,3.0,few hours a day,1.0,22.0,1.0,male,village
451,5.0,3.0,4.0,3.0,2.0,3.0,2.0,1.0,4.0,less than an hour a day,4.0,20.0,1.0,male,village
452,5.0,3.0,5.0,1.0,3.0,5.0,5.0,1.0,4.0,less than an hour a day,3.0,28.0,2.0,female,city
453,5.0,1.0,5.0,2.0,2.0,3.0,4.0,3.0,3.0,few hours a day,5.0,19.0,1.0,female,village
454,4.0,1.0,5.0,3.0,3.0,5.0,5.0,2.0,4.0,few hours a day,4.0,21.0,0.0,female,city
455,5.0,4.0,5.0,1.0,2.0,3.0,4.0,4.0,5.0,less than an hour a day,3.0,19.0,1.0,female,village
456,5.0,1.0,5.0,5.0,5.0,5.0,1.0,1.0,5.0,few hours a day,5.0,22.0,2.0,male,city
457,5.0,4.0,5.0,3.0,5.0,2.0,2.0,3.0,3.0,few hours a day,5.0,19.0,2.0,male,city
458,5.0,5.0,1.0,5.0,1.0,1.0,1.0,1.0,5.0,few hours a day,3.0,18.0,1.0,female,village
459,4.0,3.0,5.0,2.0,1.0,2.0,2.0,3.0,4.0,less than an hour a day,4.0,19.0,0.0,female,city
460,5.0,1.0,5.0,4.0,1.0,5.0,1.0,2.0,3.0,few hours a day,1.0,22.0,2.0,male,city
461,5.0,2.0,4.0,3.0,3.0,3.0,1.0,3.0,3.0,few hours a day,3.0,29.0,3.0,male,village
462,4.0,3.0,4.0,3.0,3.0,2.0,3.0,4.0,4.0,few hours a day,4.0,,2.0,female,village
463,5.0,1.0,5.0,1.0,3.0,4.0,2.0,5.0,3.0,less than an hour a day,3.0,18.0,0.0,female,city
464,5.0,3.0,3.0,2.0,1.0,1.0,4.0,2.0,5.0,few hours a day,3.0,22.0,1.0,female,city
465,5.0,2.0,5.0,5.0,2.0,1.0,1.0,1.0,4.0,less than an hour a day,4.0,17.0,1.0,female,city
466,5.0,5.0,5.0,1.0,1.0,1.0,3.0,1.0,3.0,few hours a day,1.0,19.0,0.0,male,city
467,4.0,2.0,5.0,1.0,3.0,1.0,5.0,2.0,4.0,few hours a day,4.0,20.0,1.0,female,village
468,5.0,2.0,3.0,3.0,4.0,4.0,2.0,2.0,4.0,few hours a day,3.0,18.0,1.0,female,village
469,5.0,4.0,5.0,3.0,3.0,1.0,1.0,4.0,2.0,most of the day,4.0,22.0,2.0,male,city
470,4.0,1.0,4.0,4.0,2.0,2.0,1.0,3.0,4.0,few hours a day,5.0,19.0,1.0,female,village
471,5.0,2.0,5.0,3.0,3.0,1.0,3.0,1.0,3.0,few hours a day,1.0,20.0,1.0,male,city
472,3.0,1.0,3.0,2.0,5.0,2.0,1.0,5.0,3.0,few hours a day,3.0,25.0,1.0,male,village
473,5.0,1.0,5.0,5.0,2.0,5.0,2.0,5.0,1.0,less than an hour a day,5.0,29.0,0.0,male,village
474,5.0,5.0,5.0,3.0,5.0,5.0,3.0,2.0,4.0,few hours a day,3.0,19.0,1.0,male,village
475,5.0,1.0,4.0,4.0,3.0,5.0,1.0,3.0,3.0,few hours a day,1.0,18.0,4.0,female,city
476,5.0,1.0,5.0,3.0,1.0,5.0,2.0,3.0,3.0,few hours a day,3.0,20.0,2.0,female,city
477,5.0,1.0,5.0,2.0,4.0,4.0,2.0,4.0,4.0,most of the day,3.0,18.0,3.0,female,city
478,5.0,3.0,5.0,2.0,1.0,4.0,2.0,4.0,2.0,most of the day,3.0,30.0,3.0,male,city
479,5.0,2.0,5.0,2.0,1.0,5.0,3.0,2.0,3.0,few hours a day,3.0,20.0,1.0,female,city
480,5.0,4.0,5.0,3.0,3.0,5.0,2.0,3.0,4.0,few hours a day,3.0,21.0,2.0,female,city
481,5.0,5.0,5.0,5.0,1.0,1.0,1.0,3.0,4.0,few hours a day,3.0,22.0,1.0,male,city
482,3.0,1.0,5.0,4.0,4.0,5.0,2.0,1.0,3.0,few hours a day,4.0,22.0,2.0,male,city
483,5.0,1.0,5.0,3.0,4.0,3.0,4.0,5.0,3.0,few hours a day,1.0,20.0,1.0,female,city
484,5.0,2.0,5.0,4.0,4.0,1.0,5.0,3.0,3.0,few hours a day,2.0,20.0,1.0,female,city
485,5.0,1.0,5.0,1.0,1.0,1.0,5.0,5.0,3.0,few hours a day,3.0,19.0,1.0,female,city
486,3.0,2.0,5.0,4.0,3.0,1.0,5.0,2.0,2.0,few hours a day,2.0,28.0,1.0,female,city
487,5.0,1.0,5.0,1.0,1.0,1.0,3.0,1.0,3.0,most of the day,1.0,19.0,3.0,female,village
488,5.0,1.0,5.0,5.0,3.0,3.0,1.0,3.0,4.0,few hours a day,2.0,22.0,1.0,male,city
489,5.0,1.0,5.0,5.0,1.0,2.0,5.0,1.0,3.0,few hours a day,4.0,20.0,2.0,female,village
490,4.0,4.0,1.0,1.0,1.0,1.0,5.0,3.0,4.0,less than an hour a day,3.0,16.0,1.0,female,city
491,5.0,1.0,5.0,2.0,2.0,2.0,5.0,3.0,3.0,less than an hour a day,3.0,19.0,1.0,female,city
492,5.0,2.0,5.0,5.0,3.0,5.0,4.0,5.0,4.0,few hours a day,2.0,20.0,2.0,female,city
493,5.0,2.0,5.0,3.0,2.0,5.0,2.0,2.0,3.0,most of the day,5.0,21.0,1.0,male,city
494,5.0,1.0,5.0,2.0,4.0,1.0,1.0,3.0,4.0,few hours a day,3.0,19.0,1.0,female,city
495,5.0,2.0,5.0,2.0,2.0,4.0,4.0,3.0,4.0,most of the day,4.0,20.0,2.0,female,city
496,3.0,2.0,4.0,3.0,3.0,2.0,5.0,3.0,3.0,less than an hour a day,3.0,25.0,1.0,female,city
497,5.0,1.0,3.0,3.0,1.0,1.0,1.0,1.0,2.0,less than an hour a day,3.0,20.0,1.0,female,city
498,5.0,1.0,5.0,4.0,1.0,5.0,1.0,3.0,3.0,few hours a day,2.0,19.0,3.0,female,village
499,5.0,3.0,5.0,3.0,2.0,1.0,1.0,2.0,3.0,most of the day,5.0,22.0,3.0,male,city
500,5.0,4.0,5.0,4.0,3.0,5.0,2.0,4.0,4.0,few hours a day,3.0,19.0,2.0,female,city
501,5.0,2.0,4.0,3.0,4.0,1.0,5.0,4.0,3.0,few hours a day,5.0,21.0,1.0,female,city
502,5.0,3.0,5.0,2.0,3.0,1.0,3.0,2.0,4.0,most of the day,2.0,22.0,6.0,male,village
503,5.0,5.0,5.0,4.0,5.0,3.0,4.0,3.0,3.0,few hours a day,5.0,28.0,1.0,female,city
504,5.0,1.0,5.0,3.0,5.0,5.0,1.0,1.0,4.0,few hours a day,2.0,21.0,1.0,female,village
505,5.0,1.0,5.0,2.0,3.0,1.0,1.0,2.0,3.0,few hours a day,2.0,20.0,3.0,male,village
506,5.0,2.0,5.0,2.0,2.0,4.0,2.0,1.0,4.0,few hours a day,2.0,19.0,1.0,male,city
507,5.0,1.0,4.0,3.0,2.0,3.0,5.0,4.0,3.0,few hours a day,3.0,21.0,1.0,female,village
508,5.0,1.0,5.0,3.0,1.0,3.0,4.0,2.0,4.0,few hours a day,4.0,20.0,0.0,male,village
509,4.0,4.0,4.0,5.0,1.0,4.0,1.0,1.0,5.0,few hours a day,4.0,16.0,1.0,female,village
510,5.0,2.0,4.0,3.0,3.0,5.0,1.0,2.0,3.0,less than an hour a day,3.0,22.0,1.0,male,village
511,5.0,1.0,5.0,2.0,4.0,4.0,2.0,3.0,4.0,few hours a day,4.0,19.0,2.0,male,city
512,5.0,4.0,4.0,1.0,1.0,1.0,5.0,1.0,4.0,few hours a day,5.0,22.0,1.0,female,village
513,5.0,3.0,4.0,2.0,5.0,4.0,1.0,3.0,3.0,most of the day,4.0,20.0,0.0,male,village
514,5.0,1.0,5.0,3.0,1.0,2.0,4.0,3.0,3.0,few hours a day,4.0,22.0,0.0,male,city
515,5.0,1.0,5.0,3.0,4.0,1.0,2.0,3.0,2.0,most of the day,5.0,19.0,1.0,male,city
516,5.0,4.0,5.0,5.0,1.0,5.0,5.0,3.0,5.0,few hours a day,3.0,22.0,2.0,male,city
517,5.0,4.0,5.0,4.0,2.0,2.0,1.0,1.0,4.0,few hours a day,3.0,17.0,1.0,female,village
518,5.0,4.0,4.0,3.0,1.0,5.0,2.0,4.0,4.0,less than an hour a day,4.0,18.0,1.0,female,city
519,5.0,4.0,4.0,4.0,2.0,2.0,1.0,2.0,3.0,few hours a day,1.0,19.0,1.0,male,city
520,5.0,2.0,5.0,4.0,3.0,3.0,5.0,3.0,3.0,less than an hour a day,3.0,23.0,1.0,female,city
521,5.0,3.0,5.0,3.0,1.0,4.0,1.0,4.0,3.0,few hours a day,1.0,20.0,0.0,female,city
522,5.0,4.0,5.0,2.0,1.0,5.0,2.0,1.0,3.0,few hours a day,3.0,18.0,2.0,female,city
523,5.0,3.0,5.0,2.0,,4.0,1.0,3.0,3.0,few hours a day,1.0,19.0,3.0,male,village
524,5.0,1.0,5.0,3.0,3.0,5.0,2.0,3.0,4.0,less than an hour a day,4.0,19.0,4.0,female,city
525,3.0,1.0,4.0,3.0,3.0,4.0,1.0,4.0,3.0,few hours a day,3.0,28.0,2.0,female,village
526,5.0,1.0,5.0,4.0,5.0,5.0,1.0,2.0,4.0,few hours a day,4.0,21.0,1.0,male,village
527,4.0,2.0,4.0,2.0,5.0,5.0,3.0,1.0,3.0,few hours a day,4.0,23.0,1.0,female,city
528,5.0,3.0,5.0,2.0,5.0,1.0,1.0,4.0,3.0,most of the day,3.0,20.0,2.0,male,city
529,5.0,1.0,4.0,5.0,1.0,3.0,1.0,3.0,3.0,few hours a day,3.0,20.0,1.0,male,city
530,5.0,1.0,4.0,5.0,3.0,2.0,3.0,3.0,2.0,most of the day,4.0,28.0,2.0,female,city
531,5.0,1.0,5.0,5.0,3.0,1.0,2.0,4.0,1.0,few hours a day,3.0,22.0,1.0,male,village
532,5.0,4.0,5.0,5.0,1.0,1.0,2.0,2.0,4.0,few hours a day,2.0,19.0,0.0,female,city
533,5.0,3.0,5.0,3.0,3.0,1.0,1.0,4.0,3.0,few hours a day,3.0,21.0,3.0,male,city
534,5.0,2.0,5.0,3.0,1.0,5.0,5.0,4.0,3.0,few hours a day,3.0,21.0,1.0,female,city
535,5.0,4.0,5.0,3.0,3.0,5.0,1.0,3.0,3.0,few hours a day,1.0,17.0,2.0,male,village
536,5.0,5.0,5.0,3.0,1.0,5.0,5.0,1.0,3.0,few hours a day,1.0,19.0,1.0,female,city
537,5.0,2.0,5.0,4.0,2.0,1.0,2.0,2.0,3.0,few hours a day,3.0,25.0,3.0,male,city
538,5.0,3.0,5.0,4.0,1.0,5.0,5.0,1.0,3.0,few hours a day,4.0,20.0,1.0,female,village
539,5.0,1.0,5.0,5.0,1.0,1.0,4.0,5.0,3.0,most of the day,1.0,26.0,2.0,male,city
540,5.0,3.0,5.0,3.0,3.0,5.0,3.0,3.0,3.0,few hours a day,3.0,21.0,0.0,male,city
541,5.0,1.0,5.0,2.0,1.0,3.0,3.0,1.0,4.0,few hours a day,2.0,20.0,2.0,female,city
542,5.0,2.0,5.0,4.0,2.0,2.0,4.0,3.0,3.0,most of the day,2.0,29.0,1.0,,city
543,5.0,4.0,5.0,3.0,2.0,2.0,4.0,3.0,4.0,most of the day,3.0,25.0,1.0,male,city
544,5.0,1.0,5.0,3.0,1.0,5.0,1.0,5.0,4.0,few hours a day,1.0,21.0,2.0,male,city
545,5.0,3.0,5.0,3.0,1.0,1.0,3.0,4.0,5.0,most of the day,3.0,20.0,3.0,male,village
546,5.0,1.0,5.0,3.0,4.0,2.0,1.0,3.0,4.0,few hours a day,4.0,27.0,3.0,male,village
547,5.0,1.0,5.0,5.0,1.0,4.0,1.0,1.0,4.0,few hours a day,3.0,21.0,2.0,male,village
548,4.0,1.0,4.0,2.0,1.0,3.0,1.0,1.0,4.0,less than an hour a day,4.0,20.0,1.0,female,city
549,5.0,4.0,4.0,2.0,1.0,2.0,2.0,3.0,3.0,less than an hour a day,3.0,,1.0,female,village
550,5.0,1.0,5.0,3.0,3.0,5.0,5.0,5.0,3.0,few hours a day,1.0,17.0,3.0,female,village
551,5.0,1.0,3.0,4.0,3.0,1.0,5.0,2.0,4.0,less than an hour a day,2.0,16.0,,female,village
552,5.0,2.0,5.0,4.0,3.0,5.0,5.0,3.0,2.0,few hours a day,3.0,19.0,3.0,female,city
553,3.0,3.0,4.0,2.0,3.0,5.0,5.0,3.0,3.0,few hours a day,2.0,18.0,1.0,female,village
554,4.0,3.0,4.0,2.0,5.0,3.0,2.0,3.0,3.0,few hours a day,3.0,19.0,0.0,male,village
555,5.0,2.0,4.0,1.0,1.0,3.0,1.0,4.0,2.0,few hours a day,1.0,21.0,1.0,female,village
556,5.0,2.0,5.0,2.0,1.0,2.0,5.0,2.0,4.0,few hours a day,3.0,16.0,0.0,female,city
557,5.0,1.0,5.0,5.0,1.0,5.0,5.0,3.0,4.0,few hours a day,4.0,20.0,2.0,female,city
558,,2.0,3.0,3.0,2.0,4.0,5.0,2.0,4.0,few hours a day,2.0,19.0,2.0,female,city
559,5.0,1.0,5.0,1.0,1.0,2.0,1.0,5.0,3.0,most of the day,3.0,20.0,1.0,female,village
560,5.0,2.0,3.0,1.0,1.0,5.0,1.0,4.0,4.0,less than an hour a day,4.0,16.0,2.0,female,village
561,5.0,4.0,4.0,4.0,2.0,3.0,2.0,3.0,4.0,less than an hour a day,5.0,20.0,1.0,male,city
562,5.0,1.0,5.0,3.0,1.0,3.0,1.0,3.0,3.0,less than an hour a day,3.0,18.0,0.0,male,village
563,5.0,2.0,5.0,5.0,1.0,4.0,4.0,1.0,4.0,few hours a day,1.0,20.0,1.0,male,village
564,5.0,2.0,5.0,3.0,2.0,3.0,5.0,2.0,4.0,less than an hour a day,4.0,20.0,2.0,male,village
565,5.0,3.0,5.0,1.0,2.0,2.0,5.0,5.0,3.0,few hours a day,3.0,16.0,2.0,female,city
566,5.0,2.0,5.0,4.0,3.0,4.0,3.0,3.0,4.0,less than an hour a day,3.0,19.0,1.0,female,village
567,5.0,2.0,4.0,1.0,3.0,2.0,1.0,3.0,2.0,few hours a day,2.0,19.0,1.0,male,city
568,5.0,3.0,5.0,1.0,1.0,1.0,3.0,4.0,4.0,most of the day,3.0,23.0,1.0,female,city
569,5.0,2.0,5.0,4.0,3.0,5.0,2.0,3.0,3.0,few hours a day,3.0,20.0,1.0,female,city
570,5.0,1.0,5.0,4.0,1.0,3.0,1.0,3.0,3.0,few hours a day,3.0,23.0,4.0,male,village
571,3.0,4.0,4.0,1.0,4.0,4.0,3.0,4.0,5.0,few hours a day,5.0,19.0,2.0,male,village
572,5.0,1.0,4.0,2.0,3.0,5.0,2.0,2.0,4.0,few hours a day,5.0,22.0,3.0,female,city
573,4.0,4.0,5.0,3.0,1.0,4.0,5.0,1.0,3.0,most of the day,1.0,17.0,3.0,male,city
574,5.0,5.0,5.0,3.0,1.0,4.0,1.0,3.0,3.0,less than an hour a day,3.0,20.0,1.0,female,village
575,5.0,2.0,4.0,2.0,2.0,4.0,2.0,4.0,2.0,less than an hour a day,4.0,21.0,1.0,female,city
576,5.0,3.0,5.0,3.0,3.0,4.0,4.0,2.0,3.0,few hours a day,1.0,21.0,3.0,male,city
577,5.0,2.0,5.0,3.0,4.0,5.0,5.0,2.0,2.0,few hours a day,3.0,19.0,1.0,female,city
578,5.0,1.0,5.0,2.0,1.0,5.0,4.0,3.0,4.0,few hours a day,3.0,20.0,0.0,female,village
579,5.0,5.0,5.0,5.0,5.0,2.0,2.0,4.0,3.0,most of the day,1.0,19.0,0.0,male,city
580,5.0,3.0,5.0,3.0,2.0,,1.0,1.0,3.0,few hours a day,5.0,21.0,0.0,male,city
581,5.0,5.0,4.0,1.0,3.0,5.0,5.0,3.0,4.0,few hours a day,4.0,22.0,1.0,female,city
582,3.0,4.0,5.0,5.0,3.0,1.0,4.0,3.0,2.0,few hours a day,5.0,22.0,3.0,male,city
583,5.0,1.0,5.0,5.0,2.0,4.0,1.0,3.0,4.0,most of the day,3.0,22.0,1.0,male,city
584,5.0,4.0,4.0,3.0,2.0,5.0,3.0,4.0,4.0,most of the day,2.0,28.0,1.0,female,city
585,5.0,4.0,4.0,2.0,1.0,3.0,3.0,3.0,4.0,less than an hour a day,3.0,21.0,1.0,male,city
586,5.0,5.0,5.0,4.0,1.0,4.0,3.0,,3.0,few hours a day,2.0,21.0,2.0,male,village
587,5.0,2.0,4.0,4.0,1.0,5.0,3.0,4.0,2.0,few hours a day,2.0,17.0,3.0,female,city
588,5.0,1.0,5.0,3.0,1.0,3.0,5.0,2.0,3.0,less than an hour a day,2.0,21.0,1.0,female,city
589,5.0,2.0,5.0,5.0,1.0,4.0,5.0,3.0,4.0,few hours a day,1.0,17.0,1.0,female,village
590,5.0,1.0,5.0,4.0,5.0,4.0,1.0,3.0,4.0,few hours a day,2.0,28.0,1.0,male,city
591,4.0,1.0,3.0,3.0,1.0,3.0,1.0,1.0,3.0,few hours a day,4.0,20.0,1.0,female,city
592,5.0,4.0,4.0,3.0,1.0,5.0,1.0,3.0,4.0,few hours a day,3.0,19.0,0.0,female,city
593,5.0,1.0,4.0,2.0,1.0,5.0,2.0,2.0,3.0,less than an hour a day,4.0,21.0,1.0,female,city
594,5.0,1.0,4.0,5.0,2.0,1.0,1.0,5.0,1.0,few hours a day,2.0,23.0,1.0,male,city
595,5.0,1.0,5.0,4.0,1.0,5.0,1.0,5.0,2.0,most of the day,1.0,17.0,1.0,male,village
596,5.0,5.0,3.0,2.0,1.0,4.0,1.0,5.0,3.0,few hours a day,4.0,20.0,0.0,male,city
597,5.0,3.0,5.0,2.0,2.0,2.0,1.0,2.0,4.0,less than an hour a day,3.0,19.0,1.0,male,city
598,4.0,3.0,5.0,3.0,2.0,5.0,4.0,4.0,3.0,few hours a day,5.0,19.0,1.0,male,city
599,5.0,3.0,5.0,4.0,4.0,2.0,2.0,2.0,4.0,few hours a day,2.0,19.0,1.0,male,city
600,5.0,4.0,5.0,2.0,1.0,5.0,5.0,4.0,3.0,most of the day,3.0,18.0,0.0,female,city
601,5.0,1.0,5.0,3.0,2.0,5.0,3.0,3.0,3.0,few hours a day,3.0,19.0,1.0,female,village
602,4.0,3.0,5.0,4.0,2.0,3.0,3.0,2.0,3.0,few hours a day,5.0,22.0,1.0,male,village
603,5.0,4.0,,3.0,2.0,3.0,3.0,3.0,4.0,few hours a day,3.0,21.0,1.0,female,city
604,5.0,1.0,5.0,5.0,1.0,5.0,5.0,5.0,3.0,few hours a day,3.0,21.0,1.0,female,city
605,5.0,1.0,5.0,3.0,2.0,5.0,5.0,1.0,4.0,less than an hour a day,3.0,21.0,1.0,male,village
606,4.0,1.0,5.0,2.0,2.0,4.0,1.0,4.0,4.0,few hours a day,4.0,22.0,1.0,male,village
607,3.0,1.0,4.0,4.0,1.0,5.0,2.0,2.0,5.0,less than an hour a day,3.0,19.0,1.0,female,city
608,3.0,1.0,5.0,5.0,5.0,4.0,2.0,1.0,2.0,few hours a day,3.0,25.0,1.0,male,city
609,4.0,4.0,3.0,5.0,5.0,3.0,1.0,3.0,4.0,few hours a day,4.0,18.0,2.0,male,city
610,5.0,3.0,4.0,2.0,2.0,1.0,5.0,3.0,2.0,few hours a day,3.0,20.0,1.0,male,city
611,5.0,3.0,5.0,3.0,3.0,5.0,4.0,3.0,3.0,most of the day,2.0,18.0,0.0,female,city
612,5.0,5.0,3.0,4.0,3.0,2.0,3.0,1.0,4.0,most of the day,3.0,23.0,2.0,male,village
613,5.0,3.0,5.0,4.0,1.0,5.0,5.0,4.0,4.0,most of the day,2.0,18.0,1.0,female,city
614,5.0,5.0,5.0,3.0,1.0,5.0,1.0,3.0,2.0,few hours a day,5.0,22.0,1.0,female,village
615,5.0,3.0,5.0,2.0,2.0,2.0,1.0,3.0,4.0,few hours a day,1.0,20.0,0.0,male,city
616,3.0,4.0,5.0,4.0,3.0,4.0,1.0,1.0,1.0,few hours a day,3.0,19.0,1.0,male,city
617,5.0,1.0,4.0,3.0,1.0,1.0,1.0,3.0,5.0,most of the day,3.0,19.0,1.0,female,city
618,5.0,1.0,5.0,5.0,1.0,1.0,3.0,5.0,4.0,most of the day,3.0,23.0,0.0,female,city
619,5.0,2.0,5.0,3.0,5.0,1.0,3.0,2.0,3.0,few hours a day,2.0,27.0,4.0,male,city
620,5.0,2.0,5.0,4.0,1.0,2.0,3.0,4.0,2.0,most of the day,1.0,20.0,2.0,male,city
621,4.0,5.0,5.0,1.0,1.0,3.0,5.0,5.0,4.0,most of the day,3.0,20.0,3.0,,city
622,5.0,4.0,5.0,2.0,1.0,5.0,2.0,2.0,4.0,few hours a day,3.0,18.0,1.0,female,city
623,5.0,1.0,5.0,5.0,1.0,3.0,1.0,4.0,3.0,few hours a day,1.0,21.0,3.0,male,city
624,5.0,1.0,5.0,3.0,1.0,2.0,5.0,2.0,2.0,few hours a day,1.0,21.0,1.0,female,city
625,5.0,2.0,5.0,2.0,3.0,5.0,5.0,1.0,3.0,few hours a day,4.0,19.0,1.0,female,city
626,5.0,4.0,5.0,2.0,2.0,4.0,2.0,3.0,3.0,less than an hour a day,4.0,22.0,0.0,female,village
627,5.0,2.0,5.0,3.0,3.0,1.0,3.0,3.0,3.0,less than an hour a day,5.0,20.0,1.0,female,city
628,4.0,2.0,5.0,2.0,4.0,4.0,1.0,4.0,4.0,few hours a day,3.0,19.0,0.0,male,city
629,5.0,3.0,5.0,2.0,1.0,5.0,3.0,3.0,4.0,few hours a day,1.0,20.0,0.0,female,city
630,5.0,5.0,4.0,3.0,3.0,1.0,5.0,3.0,3.0,few hours a day,3.0,19.0,1.0,female,city
631,5.0,3.0,5.0,3.0,4.0,5.0,4.0,2.0,3.0,few hours a day,2.0,18.0,1.0,female,village
632,5.0,4.0,4.0,4.0,3.0,4.0,1.0,3.0,4.0,few hours a day,2.0,17.0,1.0,male,village
633,5.0,1.0,5.0,1.0,1.0,3.0,1.0,1.0,3.0,less than an hour a day,2.0,21.0,2.0,male,city
634,5.0,2.0,4.0,3.0,2.0,2.0,4.0,2.0,4.0,few hours a day,3.0,19.0,1.0,female,village
635,4.0,1.0,4.0,4.0,1.0,2.0,3.0,3.0,4.0,less than an hour a day,3.0,25.0,1.0,female,city
636,5.0,3.0,5.0,5.0,1.0,4.0,3.0,1.0,4.0,few hours a day,1.0,24.0,2.0,male,village
637,5.0,2.0,,4.0,5.0,5.0,1.0,2.0,3.0,less than an hour a day,2.0,29.0,1.0,male,village
638,5.0,1.0,4.0,4.0,1.0,5.0,3.0,3.0,3.0,few hours a day,2.0,21.0,1.0,female,city
639,5.0,1.0,5.0,2.0,3.0,1.0,3.0,5.0,3.0,few hours a day,3.0,18.0,1.0,male,city
640,5.0,1.0,5.0,4.0,3.0,4.0,5.0,3.0,5.0,few hours a day,2.0,21.0,3.0,female,city
641,5.0,3.0,5.0,2.0,2.0,3.0,2.0,4.0,3.0,most of the day,4.0,17.0,2.0,male,city
642,4.0,3.0,4.0,3.0,4.0,5.0,1.0,5.0,4.0,most of the day,4.0,22.0,0.0,male,city
643,5.0,2.0,5.0,4.0,2.0,5.0,2.0,2.0,4.0,few hours a day,4.0,18.0,2.0,female,village
644,4.0,1.0,5.0,3.0,4.0,5.0,4.0,2.0,5.0,few hours a day,4.0,18.0,3.0,female,village
645,5.0,5.0,4.0,5.0,3.0,5.0,1.0,3.0,4.0,few hours a day,4.0,23.0,1.0,male,village
646,4.0,2.0,5.0,2.0,1.0,1.0,2.0,1.0,3.0,few hours a day,3.0,22.0,1.0,male,city
647,5.0,1.0,5.0,5.0,1.0,5.0,3.0,3.0,3.0,most of the day,3.0,21.0,0.0,female,village
648,5.0,2.0,5.0,2.0,2.0,2.0,4.0,2.0,3.0,few hours a day,3.0,23.0,3.0,female,city
649,5.0,2.0,5.0,3.0,1.0,5.0,5.0,4.0,3.0,few hours a day,2.0,17.0,1.0,female,city
650,5.0,3.0,5.0,3.0,4.0,5.0,2.0,4.0,2.0,few hours a day,3.0,20.0,1.0,male,city
651,5.0,4.0,5.0,5.0,1.0,2.0,1.0,2.0,3.0,few hours a day,5.0,22.0,1.0,male,city
652,4.0,1.0,5.0,3.0,4.0,1.0,4.0,5.0,4.0,few hours a day,4.0,21.0,0.0,male,city
653,5.0,1.0,5.0,3.0,1.0,5.0,2.0,3.0,4.0,few hours a day,5.0,22.0,0.0,female,village
654,4.0,3.0,4.0,4.0,3.0,4.0,4.0,3.0,3.0,few hours a day,4.0,24.0,2.0,male,village
655,5.0,4.0,5.0,1.0,3.0,1.0,4.0,4.0,4.0,few hours a day,3.0,19.0,1.0,female,village
656,5.0,1.0,5.0,5.0,5.0,5.0,5.0,3.0,,few hours a day,3.0,18.0,1.0,female,city
657,5.0,1.0,5.0,1.0,1.0,3.0,4.0,3.0,3.0,most of the day,3.0,24.0,1.0,female,city
658,5.0,4.0,5.0,1.0,5.0,4.0,1.0,1.0,3.0,few hours a day,4.0,22.0,3.0,male,city
659,5.0,1.0,2.0,2.0,3.0,2.0,1.0,5.0,3.0,few hours a day,4.0,20.0,1.0,male,village
660,5.0,1.0,5.0,5.0,2.0,1.0,2.0,5.0,4.0,less than an hour a day,5.0,20.0,1.0,female,city
661,5.0,2.0,3.0,4.0,2.0,4.0,2.0,2.0,3.0,few hours a day,2.0,19.0,1.0,female,city
662,5.0,2.0,4.0,3.0,4.0,5.0,4.0,2.0,2.0,few hours a day,4.0,21.0,1.0,female,city
663,5.0,2.0,4.0,4.0,3.0,1.0,2.0,3.0,3.0,no time at all,3.0,25.0,1.0,male,city
664,5.0,1.0,5.0,3.0,1.0,2.0,2.0,2.0,4.0,few hours a day,4.0,28.0,1.0,female,village
665,5.0,4.0,5.0,4.0,1.0,5.0,3.0,3.0,3.0,few hours a day,3.0,20.0,1.0,female,city
666,5.0,1.0,4.0,3.0,1.0,5.0,2.0,5.0,3.0,few hours a day,2.0,20.0,2.0,female,city
667,5.0,1.0,3.0,5.0,2.0,4.0,2.0,2.0,3.0,few hours a day,4.0,23.0,1.0,male,city
668,5.0,1.0,4.0,2.0,4.0,2.0,2.0,4.0,2.0,few hours a day,3.0,27.0,1.0,male,city
669,4.0,4.0,4.0,4.0,2.0,3.0,2.0,3.0,3.0,few hours a day,4.0,21.0,1.0,male,village
670,5.0,2.0,3.0,3.0,2.0,4.0,1.0,3.0,3.0,few hours a day,3.0,23.0,1.0,female,city
671,5.0,4.0,4.0,3.0,3.0,5.0,2.0,3.0,4.0,few hours a day,3.0,22.0,2.0,female,city
672,3.0,1.0,4.0,3.0,1.0,5.0,5.0,3.0,3.0,few hours a day,4.0,28.0,1.0,female,city
673,4.0,1.0,4.0,3.0,1.0,5.0,4.0,4.0,3.0,less than an hour a day,4.0,22.0,2.0,female,city
674,5.0,1.0,4.0,1.0,3.0,3.0,1.0,2.0,4.0,less than an hour a day,3.0,18.0,1.0,male,city
675,5.0,3.0,5.0,3.0,2.0,2.0,4.0,3.0,4.0,most of the day,3.0,25.0,1.0,female,city
676,5.0,2.0,5.0,3.0,1.0,3.0,3.0,2.0,3.0,few hours a day,3.0,20.0,2.0,female,city
677,4.0,1.0,5.0,5.0,4.0,5.0,1.0,1.0,3.0,few hours a day,2.0,28.0,1.0,female,city
678,5.0,1.0,3.0,5.0,2.0,5.0,3.0,4.0,4.0,few hours a day,3.0,23.0,1.0,female,city
679,5.0,3.0,5.0,3.0,1.0,5.0,1.0,3.0,4.0,few hours a day,4.0,21.0,0.0,female,city
680,5.0,5.0,5.0,4.0,3.0,5.0,5.0,3.0,3.0,few hours a day,3.0,25.0,1.0,female,city
681,5.0,4.0,4.0,3.0,2.0,3.0,5.0,3.0,3.0,few hours a day,3.0,28.0,1.0,female,city
682,4.0,5.0,5.0,3.0,4.0,5.0,2.0,3.0,3.0,few hours a day,1.0,19.0,4.0,male,village
683,5.0,1.0,5.0,4.0,1.0,5.0,,3.0,4.0,less than an hour a day,3.0,30.0,1.0,female,village
684,5.0,1.0,5.0,2.0,3.0,3.0,3.0,2.0,3.0,few hours a day,2.0,28.0,1.0,female,village
685,5.0,3.0,5.0,3.0,2.0,5.0,4.0,4.0,4.0,few hours a day,3.0,19.0,0.0,female,village
686,2.0,3.0,3.0,3.0,3.0,3.0,3.0,3.0,3.0,less than an hour a day,3.0,21.0,1.0,male,city
687,5.0,1.0,5.0,3.0,1.0,2.0,5.0,3.0,5.0,few hours a day,3.0,19.0,1.0,male,city
688,5.0,1.0,5.0,3.0,3.0,1.0,5.0,4.0,4.0,few hours a day,4.0,18.0,2.0,female,city
689,5.0,3.0,5.0,5.0,3.0,5.0,1.0,3.0,3.0,few hours a day,4.0,18.0,1.0,male,city
690,5.0,3.0,5.0,4.0,3.0,2.0,4.0,3.0,3.0,few hours a day,3.0,18.0,1.0,male,city
691,5.0,2.0,5.0,3.0,1.0,3.0,5.0,4.0,3.0,less than an hour a day,2.0,17.0,0.0,female,city
692,5.0,2.0,5.0,5.0,3.0,3.0,1.0,1.0,3.0,few hours a day,3.0,21.0,1.0,male,city
693,5.0,4.0,4.0,2.0,1.0,3.0,2.0,5.0,3.0,few hours a day,3.0,18.0,1.0,female,village
694,5.0,4.0,5.0,5.0,5.0,1.0,3.0,5.0,3.0,few hours a day,3.0,21.0,4.0,male,city
695,5.0,3.0,4.0,4.0,2.0,5.0,5.0,3.0,3.0,few hours a day,3.0,23.0,0.0,female,city
696,5.0,3.0,5.0,3.0,2.0,3.0,1.0,4.0,3.0,less than an hour a day,3.0,18.0,1.0,female,city
697,5.0,1.0,5.0,2.0,4.0,1.0,5.0,4.0,3.0,most of the day,2.0,20.0,1.0,female,city
698,5.0,2.0,5.0,3.0,1.0,2.0,2.0,5.0,5.0,most of the day,1.0,19.0,0.0,female,city
699,5.0,2.0,5.0,2.0,1.0,1.0,2.0,3.0,3.0,few hours a day,2.0,20.0,1.0,female,city
700,5.0,1.0,5.0,3.0,1.0,5.0,2.0,2.0,3.0,few hours a day,4.0,26.0,3.0,female,village
701,5.0,5.0,5.0,5.0,3.0,5.0,3.0,3.0,4.0,few hours a day,4.0,21.0,1.0,female,city
702,5.0,1.0,4.0,5.0,5.0,2.0,4.0,5.0,3.0,most of the day,3.0,19.0,2.0,male,city
703,4.0,1.0,5.0,3.0,1.0,5.0,1.0,1.0,3.0,few hours a day,1.0,23.0,1.0,male,city
704,5.0,2.0,5.0,2.0,1.0,4.0,5.0,3.0,3.0,less than an hour a day,3.0,21.0,2.0,female,village
705,5.0,3.0,5.0,4.0,4.0,5.0,1.0,1.0,4.0,few hours a day,3.0,22.0,1.0,female,village
706,5.0,3.0,4.0,2.0,1.0,1.0,1.0,2.0,3.0,few hours a day,1.0,18.0,2.0,male,city
707,5.0,2.0,3.0,2.0,3.0,2.0,1.0,5.0,4.0,few hours a day,4.0,21.0,1.0,female,village
708,5.0,4.0,5.0,2.0,3.0,5.0,1.0,3.0,2.0,few hours a day,3.0,23.0,1.0,male,city
709,5.0,2.0,5.0,2.0,1.0,3.0,1.0,3.0,3.0,less than an hour a day,2.0,17.0,0.0,female,city
710,4.0,1.0,5.0,3.0,5.0,2.0,2.0,1.0,4.0,few hours a day,4.0,20.0,1.0,female,city
711,4.0,1.0,3.0,3.0,1.0,5.0,2.0,4.0,3.0,few hours a day,4.0,22.0,1.0,female,village
712,5.0,1.0,5.0,1.0,1.0,3.0,5.0,1.0,4.0,few hours a day,3.0,20.0,1.0,female,village
713,5.0,2.0,3.0,5.0,1.0,3.0,5.0,3.0,3.0,most of the day,1.0,19.0,2.0,female,village
714,5.0,3.0,5.0,3.0,3.0,5.0,4.0,2.0,4.0,less than an hour a day,5.0,25.0,0.0,female,village
715,4.0,1.0,5.0,4.0,2.0,5.0,2.0,2.0,3.0,few hours a day,3.0,29.0,1.0,male,village
716,5.0,3.0,4.0,5.0,5.0,2.0,3.0,3.0,4.0,less than an hour a day,5.0,29.0,2.0,male,village
717,5.0,1.0,5.0,3.0,3.0,5.0,3.0,3.0,3.0,few hours a day,3.0,17.0,1.0,female,city
718,5.0,,5.0,3.0,1.0,4.0,5.0,4.0,3.0,less than an hour a day,3.0,17.0,1.0,female,city
719,4.0,3.0,5.0,3.0,4.0,3.0,2.0,1.0,3.0,few hours a day,2.0,19.0,2.0,male,city
720,4.0,2.0,5.0,5.0,2.0,1.0,1.0,3.0,4.0,few hours a day,4.0,18.0,2.0,female,city
721,5.0,1.0,4.0,1.0,3.0,1.0,3.0,3.0,5.0,less than an hour a day,4.0,20.0,3.0,female,city
722,5.0,2.0,5.0,3.0,2.0,1.0,2.0,3.0,4.0,few hours a day,3.0,21.0,0.0,female,city
723,5.0,1.0,5.0,5.0,3.0,1.0,5.0,3.0,4.0,few hours a day,,18.0,1.0,female,city
724,4.0,2.0,5.0,2.0,2.0,2.0,5.0,3.0,3.0,few hours a day,3.0,19.0,1.0,female,city
725,5.0,3.0,5.0,5.0,1.0,3.0,1.0,2.0,3.0,few hours a day,1.0,19.0,0.0,male,village
726,5.0,4.0,5.0,2.0,1.0,5.0,3.0,5.0,3.0,less than an hour a day,2.0,20.0,2.0,male,city
727,5.0,5.0,3.0,1.0,3.0,1.0,3.0,1.0,3.0,less than an hour a day,3.0,19.0,1.0,male,village
728,5.0,3.0,5.0,5.0,5.0,5.0,5.0,3.0,3.0,few hours a day,1.0,18.0,1.0,female,village
729,5.0,3.0,,4.0,4.0,5.0,2.0,3.0,4.0,few hours a day,3.0,18.0,1.0,male,city
730,5.0,1.0,5.0,5.0,1.0,5.0,2.0,3.0,2.0,few hours a day,,16.0,1.0,female,village
731,5.0,2.0,5.0,4.0,4.0,1.0,1.0,4.0,4.0,few hours a day,4.0,18.0,1.0,female,city
732,5.0,2.0,4.0,5.0,3.0,1.0,2.0,2.0,3.0,few hours a day,3.0,19.0,0.0,female,village
733,4.0,1.0,5.0,5.0,5.0,5.0,2.0,3.0,3.0,most of the day,3.0,24.0,2.0,female,village
734,5.0,1.0,4.0,3.0,5.0,1.0,1.0,1.0,5.0,less than an hour a day,5.0,19.0,3.0,female,city
735,2.0,1.0,3.0,4.0,3.0,3.0,3.0,2.0,5.0,no time at all,5.0,,1.0,female,village
736,4.0,2.0,5.0,5.0,2.0,4.0,3.0,3.0,3.0,few hours a day,2.0,20.0,1.0,female,city
737,5.0,3.0,5.0,4.0,1.0,5.0,3.0,4.0,3.0,most of the day,3.0,21.0,0.0,female,city
738,5.0,,5.0,1.0,4.0,4.0,1.0,2.0,3.0,few hours a day,2.0,23.0,2.0,male,city
739,5.0,3.0,5.0,5.0,5.0,4.0,2.0,1.0,3.0,few hours a day,4.0,23.0,0.0,male,city
740,4.0,2.0,5.0,4.0,3.0,4.0,3.0,2.0,4.0,less than an hour a day,3.0,17.0,1.0,male,city
741,5.0,1.0,5.0,5.0,5.0,1.0,1.0,4.0,5.0,few hours a day,3.0,18.0,3.0,female,city
742,5.0,5.0,5.0,3.0,4.0,1.0,2.0,1.0,1.0,few hours a day,1.0,26.0,5.0,male,village
743,2.0,1.0,1.0,1.0,3.0,2.0,1.0,3.0,4.0,few hours a day,1.0,22.0,0.0,male,city
744,5.0,,5.0,3.0,1.0,3.0,1.0,4.0,2.0,less than an hour a day,2.0,22.0,2.0,male,city
745,5.0,5.0,4.0,4.0,4.0,4.0,3.0,2.0,3.0,most of the day,3.0,25.0,2.0,male,village
746,5.0,2.0,5.0,1.0,5.0,4.0,5.0,3.0,4.0,few hours a day,3.0,21.0,1.0,female,city
747,5.0,3.0,5.0,5.0,1.0,1.0,1.0,2.0,4.0,few hours a day,4.0,18.0,2.0,female,city
748,5.0,3.0,5.0,3.0,2.0,5.0,5.0,3.0,3.0,less than an hour a day,3.0,15.0,2.0,female,city
749,5.0,1.0,5.0,4.0,1.0,4.0,3.0,3.0,3.0,few hours a day,3.0,17.0,0.0,male,city
750,5.0,1.0,4.0,4.0,4.0,1.0,1.0,2.0,3.0,less than an hour a day,4.0,22.0,6.0,female,city
751,5.0,2.0,5.0,2.0,1.0,1.0,1.0,3.0,4.0,few hours a day,4.0,21.0,1.0,female,city
752,5.0,4.0,4.0,3.0,3.0,1.0,2.0,2.0,4.0,few hours a day,1.0,21.0,3.0,female,village
753,5.0,1.0,5.0,4.0,1.0,5.0,2.0,2.0,3.0,few hours a day,2.0,19.0,3.0,female,village
754,4.0,3.0,4.0,3.0,4.0,2.0,2.0,1.0,1.0,few hours a day,1.0,26.0,1.0,male,city
755,5.0,1.0,5.0,3.0,4.0,5.0,1.0,3.0,3.0,few hours a day,3.0,26.0,1.0,female,city
756,5.0,4.0,5.0,5.0,3.0,5.0,1.0,2.0,4.0,few hours a day,4.0,25.0,2.0,male,city
757,5.0,5.0,5.0,2.0,1.0,4.0,2.0,3.0,3.0,few hours a day,4.0,19.0,3.0,female,village
758,5.0,5.0,5.0,2.0,3.0,4.0,2.0,3.0,3.0,few hours a day,3.0,20.0,1.0,male,village
759,5.0,2.0,5.0,5.0,4.0,5.0,2.0,4.0,4.0,few hours a day,4.0,18.0,0.0,male,village
760,5.0,3.0,5.0,4.0,3.0,1.0,3.0,2.0,3.0,few hours a day,4.0,25.0,1.0,female,city
761,5.0,2.0,5.0,2.0,3.0,2.0,1.0,1.0,2.0,few hours a day,1.0,23.0,1.0,male,city
762,5.0,3.0,5.0,5.0,3.0,5.0,1.0,1.0,4.0,less than an hour a day,2.0,24.0,1.0,male,city
763,5.0,3.0,5.0,5.0,1.0,5.0,3.0,3.0,4.0,few hours a day,3.0,20.0,3.0,male,village
764,5.0,1.0,5.0,3.0,2.0,2.0,5.0,2.0,4.0,less than an hour a day,4.0,19.0,2.0,female,village
765,5.0,2.0,5.0,2.0,3.0,3.0,1.0,4.0,3.0,few hours a day,4.0,18.0,1.0,male,village
766,5.0,4.0,5.0,4.0,3.0,4.0,4.0,2.0,5.0,most of the day,4.0,25.0,2.0,female,city
767,1.0,2.0,4.0,3.0,3.0,3.0,3.0,1.0,3.0,few hours a day,3.0,22.0,2.0,male,city
768,4.0,3.0,4.0,3.0,2.0,4.0,4.0,3.0,2.0,few hours a day,2.0,26.0,1.0,male,city
769,3.0,3.0,5.0,4.0,4.0,4.0,2.0,3.0,3.0,less than an hour a day,4.0,19.0,0.0,female,city
770,1.0,1.0,4.0,1.0,2.0,2.0,5.0,1.0,2.0,less than an hour a day,3.0,16.0,2.0,female,city
771,5.0,1.0,5.0,3.0,3.0,1.0,1.0,3.0,3.0,few hours a day,4.0,18.0,0.0,male,city
772,5.0,1.0,5.0,3.0,1.0,4.0,4.0,2.0,3.0,few hours a day,3.0,20.0,1.0,female,city
773,5.0,2.0,5.0,3.0,3.0,4.0,5.0,4.0,3.0,less than an hour a day,3.0,17.0,0.0,female,city
774,3.0,1.0,4.0,4.0,2.0,1.0,2.0,2.0,4.0,most of the day,2.0,20.0,0.0,female,city
775,5.0,5.0,5.0,3.0,2.0,5.0,3.0,5.0,5.0,few hours a day,1.0,19.0,3.0,female,city
776,5.0,5.0,5.0,5.0,1.0,3.0,1.0,5.0,5.0,few hours a day,4.0,25.0,1.0,male,village
777,5.0,3.0,5.0,2.0,1.0,1.0,1.0,5.0,3.0,few hours a day,3.0,19.0,1.0,male,city
778,5.0,1.0,5.0,2.0,2.0,5.0,5.0,2.0,3.0,few hours a day,2.0,18.0,0.0,female,city
779,5.0,3.0,5.0,5.0,2.0,5.0,5.0,1.0,3.0,less than an hour a day,2.0,17.0,0.0,female,village
780,5.0,4.0,5.0,5.0,4.0,5.0,1.0,3.0,3.0,few hours a day,3.0,18.0,1.0,male,city
781,4.0,2.0,4.0,5.0,1.0,5.0,1.0,3.0,3.0,less than an hour a day,2.0,20.0,1.0,female,city
782,5.0,2.0,5.0,2.0,3.0,5.0,2.0,3.0,4.0,most of the day,4.0,17.0,3.0,female,village
783,5.0,4.0,5.0,5.0,2.0,5.0,1.0,3.0,3.0,few hours a day,4.0,21.0,1.0,male,village
784,4.0,4.0,5.0,4.0,2.0,1.0,2.0,3.0,4.0,few hours a day,2.0,19.0,1.0,male,city
785,4.0,1.0,5.0,5.0,1.0,4.0,1.0,3.0,2.0,few hours a day,2.0,19.0,0.0,male,city
786,5.0,3.0,4.0,4.0,2.0,1.0,1.0,2.0,4.0,few hours a day,3.0,19.0,0.0,male,city
787,5.0,3.0,5.0,5.0,3.0,2.0,1.0,2.0,4.0,few hours a day,2.0,16.0,1.0,male,city
788,5.0,1.0,4.0,2.0,1.0,1.0,1.0,3.0,3.0,less than an hour a day,4.0,18.0,2.0,female,city
789,5.0,4.0,5.0,3.0,1.0,5.0,3.0,1.0,4.0,most of the day,2.0,19.0,3.0,male,village
790,5.0,4.0,5.0,3.0,3.0,1.0,2.0,5.0,2.0,few hours a day,4.0,20.0,,female,village
791,5.0,3.0,5.0,3.0,1.0,1.0,2.0,3.0,3.0,few hours a day,1.0,19.0,1.0,female,city
792,5.0,3.0,3.0,4.0,1.0,3.0,1.0,2.0,4.0,less than an hour a day,3.0,21.0,1.0,male,village
793,2.0,4.0,5.0,3.0,4.0,2.0,1.0,3.0,5.0,few hours a day,4.0,24.0,2.0,male,city
794,4.0,1.0,5.0,2.0,1.0,5.0,1.0,1.0,3.0,less than an hour a day,5.0,23.0,1.0,male,city
795,5.0,1.0,4.0,4.0,4.0,5.0,5.0,3.0,4.0,most of the day,5.0,30.0,0.0,female,city
796,3.0,2.0,3.0,3.0,4.0,4.0,5.0,2.0,4.0,less than an hour a day,4.0,27.0,3.0,male,city
797,5.0,3.0,5.0,2.0,2.0,1.0,1.0,5.0,3.0,few hours a day,3.0,19.0,1.0,male,city
798,5.0,2.0,5.0,5.0,2.0,1.0,3.0,3.0,3.0,few hours a day,3.0,18.0,2.0,female,city
799,5.0,2.0,5.0,4.0,4.0,5.0,3.0,4.0,3.0,few hours a day,4.0,18.0,2.0,male,city
800,5.0,1.0,5.0,1.0,4.0,1.0,3.0,2.0,3.0,few hours a day,5.0,17.0,2.0,male,city
801,4.0,4.0,5.0,2.0,1.0,2.0,1.0,3.0,1.0,less than an hour a day,1.0,30.0,1.0,female,village
802,5.0,4.0,5.0,3.0,1.0,4.0,5.0,1.0,3.0,few hours a day,4.0,19.0,0.0,female,city
803,5.0,1.0,5.0,3.0,1.0,3.0,5.0,3.0,4.0,most of the day,3.0,27.0,5.0,female,village
804,5.0,2.0,5.0,1.0,1.0,5.0,5.0,2.0,4.0,most of the day,1.0,21.0,1.0,female,village
805,5.0,3.0,2.0,5.0,1.0,4.0,5.0,3.0,4.0,few hours a day,3.0,17.0,3.0,female,city
806,1.0,1.0,5.0,5.0,1.0,5.0,1.0,2.0,3.0,few hours a day,3.0,20.0,1.0,male,city
807,3.0,1.0,5.0,3.0,1.0,5.0,4.0,3.0,2.0,few hours a day,3.0,20.0,0.0,male,city
808,5.0,3.0,5.0,2.0,1.0,1.0,2.0,2.0,3.0,few hours a day,2.0,20.0,1.0,male,city
809,4.0,1.0,4.0,4.0,1.0,1.0,1.0,1.0,2.0,most of the day,2.0,18.0,0.0,male,city
810,5.0,1.0,5.0,4.0,1.0,5.0,5.0,2.0,3.0,few hours a day,1.0,20.0,1.0,male,city
811,5.0,1.0,4.0,4.0,2.0,5.0,3.0,4.0,4.0,few hours a day,4.0,20.0,1.0,male,city
812,5.0,1.0,5.0,5.0,1.0,4.0,1.0,2.0,2.0,few hours a day,1.0,17.0,1.0,female,city
813,5.0,1.0,5.0,3.0,1.0,5.0,1.0,1.0,2.0,few hours a day,1.0,19.0,1.0,male,city
814,5.0,5.0,5.0,3.0,3.0,5.0,5.0,5.0,1.0,few hours a day,2.0,20.0,1.0,female,city
815,5.0,2.0,5.0,4.0,4.0,5.0,1.0,1.0,3.0,few hours a day,3.0,20.0,1.0,male,city
816,5.0,3.0,5.0,5.0,3.0,5.0,5.0,1.0,4.0,few hours a day,2.0,21.0,0.0,male,city
817,3.0,1.0,3.0,1.0,1.0,2.0,1.0,5.0,5.0,most of the day,3.0,23.0,0.0,male,city
818,4.0,4.0,3.0,4.0,1.0,4.0,1.0,2.0,3.0,few hours a day,2.0,24.0,2.0,male,village
819,5.0,2.0,4.0,3.0,3.0,5.0,2.0,1.0,3.0,less than an hour a day,4.0,17.0,0.0,female,city
820,5.0,1.0,5.0,2.0,3.0,1.0,4.0,2.0,4.0,few hours a day,2.0,18.0,1.0,female,city
821,5.0,1.0,5.0,5.0,1.0,5.0,3.0,4.0,3.0,few hours a day,1.0,17.0,1.0,male,city
822,5.0,1.0,3.0,4.0,1.0,4.0,3.0,3.0,1.0,few hours a day,4.0,19.0,1.0,female,city
823,5.0,3.0,4.0,4.0,1.0,1.0,2.0,5.0,2.0,few hours a day,2.0,21.0,0.0,male,city
824,5.0,1.0,5.0,5.0,1.0,5.0,1.0,1.0,3.0,most of the day,4.0,29.0,1.0,female,city
825,4.0,1.0,5.0,2.0,2.0,5.0,2.0,3.0,3.0,few hours a day,2.0,21.0,1.0,female,city
826,5.0,1.0,5.0,4.0,1.0,1.0,4.0,3.0,3.0,few hours a day,1.0,20.0,1.0,female,village
827,5.0,1.0,4.0,2.0,1.0,2.0,2.0,2.0,4.0,few hours a day,1.0,20.0,1.0,female,city
828,1.0,4.0,5.0,2.0,3.0,2.0,2.0,2.0,3.0,few hours a day,4.0,19.0,1.0,male,village
829,5.0,1.0,5.0,3.0,2.0,2.0,4.0,5.0,5.0,few hours a day,3.0,20.0,0.0,female,city
830,5.0,2.0,5.0,4.0,5.0,5.0,5.0,3.0,4.0,most of the day,2.0,21.0,1.0,female,city
831,5.0,3.0,5.0,4.0,3.0,3.0,3.0,3.0,4.0,few hours a day,3.0,17.0,2.0,female,village
832,5.0,1.0,3.0,3.0,1.0,2.0,5.0,2.0,3.0,few hours a day,1.0,20.0,1.0,female,village
833,3.0,2.0,5.0,3.0,2.0,1.0,2.0,3.0,3.0,few hours a day,4.0,19.0,1.0,male,city
834,4.0,2.0,5.0,2.0,1.0,3.0,4.0,2.0,4.0,less than an hour a day,2.0,21.0,1.0,male,city
835,4.0,1.0,5.0,4.0,4.0,1.0,3.0,3.0,3.0,few hours a day,3.0,19.0,0.0,male,city
836,5.0,1.0,5.0,2.0,1.0,4.0,1.0,1.0,2.0,few hours a day,1.0,19.0,0.0,male,city
837,5.0,1.0,4.0,3.0,4.0,3.0,2.0,1.0,4.0,few hours a day,2.0,20.0,3.0,male,city
838,5.0,2.0,5.0,2.0,1.0,5.0,5.0,1.0,1.0,few hours a day,3.0,21.0,0.0,female,city
839,4.0,1.0,5.0,2.0,1.0,5.0,2.0,2.0,3.0,few hours a day,2.0,23.0,1.0,female,city
840,5.0,1.0,4.0,1.0,3.0,3.0,2.0,2.0,4.0,most of the day,4.0,24.0,1.0,female,city
841,5.0,5.0,3.0,3.0,1.0,1.0,4.0,5.0,5.0,few hours a day,1.0,19.0,3.0,male,city
842,,2.0,5.0,5.0,2.0,4.0,5.0,1.0,1.0,few hours a day,3.0,24.0,2.0,female,village
843,5.0,3.0,5.0,5.0,1.0,5.0,5.0,3.0,3.0,few hours a day,4.0,20.0,1.0,female,city
844,5.0,4.0,5.0,5.0,5.0,4.0,1.0,2.0,4.0,few hours a day,2.0,30.0,2.0,male,city
845,4.0,1.0,5.0,5.0,2.0,4.0,3.0,3.0,3.0,most of the day,1.0,20.0,1.0,female,city
846,5.0,5.0,5.0,2.0,2.0,5.0,5.0,4.0,4.0,few hours a day,4.0,23.0,4.0,female,city
847,5.0,1.0,5.0,3.0,1.0,5.0,4.0,5.0,1.0,few hours a day,1.0,19.0,1.0,female,city
848,5.0,2.0,3.0,1.0,1.0,2.0,1.0,1.0,2.0,few hours a day,3.0,19.0,4.0,male,city
849,3.0,1.0,5.0,1.0,5.0,4.0,4.0,5.0,2.0,most of the day,2.0,22.0,2.0,female,village
850,4.0,1.0,5.0,2.0,1.0,5.0,5.0,2.0,4.0,few hours a day,5.0,17.0,0.0,female,city
851,5.0,5.0,5.0,4.0,5.0,3.0,1.0,3.0,5.0,few hours a day,1.0,20.0,2.0,male,city
852,5.0,3.0,5.0,4.0,3.0,5.0,2.0,1.0,4.0,few hours a day,4.0,19.0,2.0,male,village
853,5.0,1.0,5.0,3.0,3.0,5.0,1.0,3.0,5.0,few hours a day,4.0,30.0,4.0,female,village
854,5.0,1.0,4.0,2.0,3.0,3.0,5.0,3.0,4.0,few hours a day,2.0,27.0,0.0,male,city
855,5.0,4.0,5.0,4.0,4.0,3.0,4.0,3.0,4.0,few hours a day,3.0,19.0,1.0,male,city
856,5.0,3.0,5.0,4.0,4.0,5.0,4.0,2.0,3.0,few hours a day,2.0,17.0,1.0,female,city
857,5.0,5.0,5.0,2.0,1.0,5.0,2.0,2.0,4.0,most of the day,4.0,20.0,1.0,male,village
858,3.0,1.0,5.0,5.0,2.0,1.0,1.0,5.0,3.0,few hours a day,4.0,20.0,2.0,male,village
859,5.0,4.0,5.0,3.0,2.0,5.0,2.0,3.0,3.0,few hours a day,2.0,20.0,1.0,male,city
860,5.0,5.0,5.0,3.0,1.0,4.0,3.0,1.0,3.0,few hours a day,2.0,20.0,2.0,male,city
861,5.0,2.0,5.0,4.0,2.0,5.0,5.0,2.0,2.0,few hours a day,1.0,18.0,1.0,female,city
862,5.0,4.0,5.0,3.0,4.0,5.0,1.0,2.0,4.0,few hours a day,2.0,21.0,2.0,male,city
863,5.0,5.0,5.0,3.0,1.0,5.0,2.0,3.0,3.0,few hours a day,3.0,21.0,1.0,male,village
864,5.0,3.0,5.0,4.0,3.0,3.0,4.0,4.0,3.0,few hours a day,2.0,20.0,1.0,male,village
865,4.0,2.0,5.0,2.0,3.0,3.0,4.0,2.0,2.0,less than an hour a day,4.0,17.0,2.0,female,city
866,4.0,1.0,3.0,5.0,2.0,3.0,1.0,3.0,2.0,most of the day,1.0,23.0,1.0,male,city
867,5.0,1.0,5.0,4.0,3.0,5.0,5.0,2.0,4.0,few hours a day,4.0,25.0,1.0,female,city
868,5.0,2.0,4.0,2.0,2.0,4.0,1.0,2.0,4.0,few hours a day,4.0,18.0,0.0,male,village
869,5.0,1.0,5.0,5.0,1.0,5.0,3.0,4.0,2.0,few hours a day,5.0,18.0,1.0,female,city
870,5.0,4.0,5.0,2.0,3.0,2.0,4.0,1.0,3.0,few hours a day,4.0,25.0,1.0,female,city
871,5.0,3.0,5.0,5.0,5.0,5.0,5.0,5.0,5.0,most of the day,1.0,21.0,1.0,male,village
872,5.0,4.0,5.0,2.0,1.0,2.0,2.0,3.0,3.0,few hours a day,3.0,20.0,1.0,male,village
873,4.0,4.0,5.0,3.0,2.0,2.0,2.0,2.0,3.0,few hours a day,3.0,21.0,0.0,male,city
874,5.0,3.0,5.0,3.0,1.0,4.0,2.0,2.0,4.0,few hours a day,4.0,18.0,1.0,female,city
875,5.0,4.0,5.0,1.0,1.0,5.0,1.0,3.0,3.0,few hours a day,1.0,20.0,2.0,female,village
876,5.0,3.0,5.0,2.0,5.0,4.0,2.0,4.0,3.0,few hours a day,5.0,19.0,1.0,male,city
877,5.0,1.0,5.0,4.0,3.0,2.0,1.0,3.0,5.0,few hours a day,4.0,22.0,2.0,male,city
878,4.0,4.0,5.0,2.0,4.0,4.0,2.0,2.0,4.0,less than an hour a day,4.0,26.0,3.0,male,city
879,4.0,5.0,5.0,2.0,4.0,5.0,1.0,2.0,3.0,less than an hour a day,2.0,23.0,0.0,male,city
880,5.0,4.0,5.0,3.0,1.0,4.0,2.0,2.0,4.0,few hours a day,4.0,18.0,1.0,female,city
881,5.0,1.0,5.0,5.0,1.0,5.0,4.0,3.0,2.0,few hours a day,4.0,18.0,1.0,female,city
882,5.0,4.0,5.0,3.0,1.0,1.0,1.0,3.0,4.0,few hours a day,2.0,16.0,1.0,female,city
883,5.0,3.0,5.0,4.0,1.0,1.0,1.0,4.0,4.0,few hours a day,4.0,19.0,2.0,female,village
884,5.0,4.0,5.0,3.0,4.0,5.0,5.0,4.0,3.0,few hours a day,1.0,19.0,1.0,female,city
885,3.0,3.0,4.0,3.0,2.0,5.0,1.0,2.0,4.0,few hours a day,2.0,23.0,0.0,female,city
886,5.0,2.0,5.0,1.0,4.0,1.0,1.0,2.0,2.0,few hours a day,2.0,21.0,1.0,male,city
887,4.0,3.0,2.0,2.0,3.0,3.0,3.0,3.0,3.0,less than an hour a day,4.0,19.0,1.0,male,city
888,5.0,2.0,5.0,4.0,1.0,5.0,3.0,2.0,4.0,less than an hour a day,2.0,20.0,1.0,female,city
889,5.0,2.0,5.0,5.0,1.0,1.0,4.0,4.0,2.0,few hours a day,1.0,22.0,1.0,female,city
890,5.0,4.0,5.0,1.0,4.0,3.0,2.0,3.0,3.0,few hours a day,3.0,20.0,1.0,male,city
891,5.0,3.0,5.0,4.0,2.0,4.0,3.0,3.0,3.0,few hours a day,3.0,21.0,2.0,male,village
892,5.0,1.0,5.0,3.0,4.0,2.0,3.0,2.0,3.0,few hours a day,3.0,19.0,1.0,male,city
893,5.0,3.0,2.0,2.0,3.0,2.0,2.0,3.0,3.0,less than an hour a day,4.0,17.0,0.0,female,village
894,5.0,1.0,5.0,2.0,1.0,4.0,3.0,2.0,4.0,few hours a day,4.0,19.0,2.0,female,city
895,4.0,3.0,4.0,2.0,1.0,4.0,3.0,3.0,3.0,few hours a day,3.0,16.0,1.0,male,village
896,5.0,1.0,5.0,4.0,1.0,3.0,2.0,2.0,3.0,few hours a day,4.0,22.0,1.0,male,village
897,5.0,2.0,4.0,2.0,4.0,3.0,2.0,2.0,3.0,few hours a day,2.0,23.0,2.0,male,city
898,5.0,1.0,5.0,4.0,1.0,3.0,2.0,2.0,3.0,less than an hour a day,3.0,28.0,2.0,female,village
899,5.0,1.0,3.0,4.0,3.0,5.0,1.0,3.0,3.0,few hours a day,2.0,20.0,2.0,male,city
900,5.0,1.0,4.0,2.0,2.0,3.0,2.0,3.0,4.0,few hours a day,3.0,21.0,1.0,male,city
901,4.0,1.0,5.0,4.0,1.0,5.0,5.0,2.0,4.0,less than an hour a day,4.0,22.0,1.0,female,city
902,5.0,2.0,5.0,4.0,3.0,3.0,4.0,2.0,3.0,few hours a day,2.0,,,male,city
903,5.0,1.0,3.0,5.0,5.0,3.0,1.0,2.0,4.0,few hours a day,4.0,19.0,1.0,male,city
904,3.0,1.0,5.0,3.0,2.0,1.0,1.0,2.0,4.0,few hours a day,3.0,24.0,1.0,female,city
905,5.0,3.0,5.0,5.0,1.0,2.0,1.0,1.0,3.0,few hours a day,4.0,23.0,1.0,male,city
906,5.0,5.0,5.0,5.0,1.0,1.0,3.0,3.0,4.0,less than an hour a day,2.0,21.0,2.0,female,city
907,5.0,1.0,4.0,2.0,2.0,2.0,3.0,3.0,1.0,most of the day,1.0,22.0,1.0,female,city
908,5.0,3.0,5.0,2.0,2.0,2.0,3.0,4.0,4.0,few hours a day,3.0,18.0,1.0,male,city
909,5.0,2.0,3.0,3.0,2.0,3.0,2.0,5.0,5.0,less than an hour a day,4.0,28.0,2.0,female,city
910,5.0,1.0,5.0,5.0,4.0,1.0,1.0,2.0,4.0,few hours a day,4.0,18.0,0.0,female,city
911,5.0,1.0,4.0,5.0,5.0,5.0,1.0,4.0,4.0,few hours a day,4.0,23.0,1.0,female,village
912,5.0,3.0,4.0,4.0,3.0,4.0,,3.0,4.0,less than an hour a day,4.0,22.0,1.0,female,village
913,5.0,3.0,5.0,4.0,3.0,2.0,5.0,4.0,3.0,few hours a day,4.0,21.0,1.0,female,city
914,5.0,2.0,5.0,5.0,3.0,3.0,1.0,5.0,2.0,few hours a day,1.0,20.0,1.0,female,city
915,4.0,4.0,5.0,1.0,2.0,5.0,4.0,3.0,4.0,few hours a day,5.0,18.0,1.0,female,city
916,4.0,1.0,5.0,4.0,1.0,4.0,1.0,4.0,3.0,few hours a day,1.0,21.0,1.0,male,city
917,5.0,3.0,5.0,3.0,3.0,3.0,1.0,2.0,2.0,few hours a day,2.0,20.0,1.0,male,village
918,4.0,1.0,5.0,5.0,2.0,4.0,1.0,4.0,3.0,most of the day,4.0,21.0,1.0,female,village
919,5.0,1.0,5.0,5.0,2.0,1.0,2.0,3.0,4.0,few hours a day,2.0,21.0,1.0,female,city
920,4.0,1.0,3.0,3.0,1.0,1.0,3.0,1.0,3.0,few hours a day,3.0,20.0,2.0,female,city
921,5.0,3.0,4.0,2.0,3.0,4.0,2.0,2.0,1.0,few hours a day,4.0,17.0,0.0,male,city
922,5.0,4.0,5.0,2.0,3.0,5.0,5.0,3.0,3.0,few hours a day,3.0,20.0,1.0,female,city
923,5.0,3.0,5.0,3.0,1.0,3.0,4.0,4.0,4.0,few hours a day,2.0,23.0,3.0,female,city
924,5.0,1.0,5.0,3.0,1.0,5.0,1.0,1.0,4.0,few hours a day,4.0,19.0,0.0,female,city
925,5.0,2.0,5.0,3.0,1.0,5.0,4.0,2.0,5.0,few hours a day,5.0,20.0,0.0,female,city
926,5.0,1.0,5.0,2.0,3.0,1.0,1.0,2.0,3.0,few hours a day,4.0,22.0,1.0,male,city
927,5.0,3.0,5.0,1.0,1.0,5.0,1.0,3.0,4.0,few hours a day,4.0,19.0,1.0,female,city
928,5.0,3.0,5.0,3.0,1.0,5.0,5.0,3.0,2.0,few hours a day,4.0,19.0,0.0,female,city
929,3.0,3.0,3.0,4.0,3.0,3.0,2.0,1.0,3.0,few hours a day,3.0,27.0,1.0,female,city
930,5.0,3.0,5.0,3.0,1.0,1.0,5.0,5.0,3.0,few hours a day,3.0,18.0,5.0,female,city
931,5.0,2.0,5.0,1.0,2.0,3.0,1.0,4.0,4.0,most of the day,4.0,18.0,2.0,male,city
932,5.0,4.0,5.0,1.0,3.0,2.0,5.0,2.0,4.0,few hours a day,5.0,20.0,1.0,female,city
933,5.0,1.0,5.0,4.0,2.0,5.0,5.0,4.0,3.0,few hours a day,3.0,17.0,3.0,female,city
934,5.0,4.0,5.0,2.0,2.0,4.0,4.0,2.0,3.0,few hours a day,2.0,19.0,0.0,,city
935,5.0,1.0,5.0,3.0,1.0,5.0,5.0,3.0,3.0,few hours a day,3.0,16.0,1.0,female,city
936,4.0,3.0,4.0,2.0,2.0,2.0,5.0,4.0,3.0,few hours a day,2.0,21.0,0.0,female,city
937,5.0,2.0,5.0,3.0,5.0,5.0,3.0,5.0,2.0,few hours a day,5.0,18.0,4.0,female,village
938,5.0,5.0,5.0,4.0,5.0,5.0,3.0,5.0,5.0,few hours a day,1.0,19.0,0.0,female,city
939,4.0,4.0,5.0,2.0,3.0,4.0,5.0,2.0,4.0,few hours a day,3.0,20.0,0.0,female,city
940,5.0,5.0,,4.0,3.0,4.0,3.0,2.0,4.0,few hours a day,2.0,16.0,4.0,male,city
941,5.0,1.0,5.0,2.0,2.0,2.0,2.0,5.0,1.0,few hours a day,1.0,18.0,3.0,female,village
942,5.0,5.0,5.0,4.0,1.0,5.0,1.0,5.0,3.0,most of the day,4.0,24.0,0.0,male,village
943,4.0,2.0,5.0,3.0,4.0,5.0,2.0,2.0,3.0,less than an hour a day,2.0,22.0,2.0,female,city
944,5.0,2.0,5.0,4.0,2.0,5.0,5.0,2.0,4.0,few hours a day,3.0,19.0,1.0,female,village
945,5.0,1.0,3.0,4.0,5.0,5.0,1.0,1.0,3.0,few hours a day,1.0,22.0,1.0,male,city
946,5.0,2.0,5.0,3.0,1.0,1.0,4.0,4.0,3.0,few hours a day,1.0,22.0,0.0,male,city
947,5.0,1.0,4.0,2.0,1.0,3.0,3.0,4.0,3.0,few hours a day,3.0,16.0,1.0,female,village
948,5.0,2.0,5.0,4.0,5.0,5.0,4.0,2.0,4.0,few hours a day,4.0,18.0,1.0,female,village
949,5.0,2.0,5.0,1.0,2.0,5.0,1.0,3.0,3.0,most of the day,3.0,18.0,3.0,female,city
950,5.0,3.0,5.0,4.0,1.0,5.0,5.0,5.0,3.0,most of the day,5.0,15.0,0.0,male,village
951,4.0,5.0,5.0,1.0,3.0,1.0,3.0,4.0,1.0,most of the day,1.0,26.0,3.0,male,city
952,5.0,4.0,4.0,3.0,5.0,2.0,2.0,2.0,4.0,few hours a day,5.0,19.0,1.0,male,city
953,5.0,1.0,5.0,4.0,3.0,4.0,5.0,3.0,3.0,few hours a day,4.0,20.0,1.0,female,city
954,5.0,4.0,4.0,2.0,4.0,4.0,3.0,2.0,4.0,few hours a day,3.0,20.0,0.0,female,city
955,5.0,1.0,4.0,5.0,5.0,5.0,2.0,2.0,3.0,few hours a day,3.0,19.0,1.0,female,city
956,5.0,1.0,5.0,3.0,2.0,4.0,1.0,4.0,3.0,most of the day,3.0,20.0,2.0,male,city
957,5.0,2.0,4.0,3.0,1.0,1.0,3.0,3.0,4.0,few hours a day,3.0,20.0,5.0,male,city
958,5.0,4.0,4.0,3.0,1.0,5.0,5.0,3.0,4.0,few hours a day,2.0,22.0,2.0,female,city
959,4.0,1.0,4.0,4.0,3.0,4.0,5.0,4.0,4.0,few hours a day,2.0,24.0,1.0,female,city
960,5.0,1.0,5.0,5.0,3.0,1.0,3.0,1.0,3.0,few hours a day,3.0,,,female,city
961,5.0,4.0,5.0,5.0,5.0,5.0,1.0,3.0,3.0,few hours a day,5.0,20.0,3.0,male,village
962,5.0,1.0,3.0,5.0,3.0,1.0,1.0,4.0,4.0,less than an hour a day,5.0,21.0,1.0,female,village
963,4.0,4.0,5.0,5.0,1.0,3.0,1.0,1.0,1.0,most of the day,4.0,23.0,0.0,male,city
964,5.0,2.0,3.0,3.0,2.0,4.0,3.0,3.0,3.0,few hours a day,4.0,21.0,3.0,male,city
965,5.0,4.0,5.0,5.0,1.0,1.0,5.0,5.0,3.0,few hours a day,3.0,17.0,2.0,female,city
966,5.0,1.0,5.0,5.0,1.0,5.0,1.0,1.0,1.0,less than an hour a day,1.0,19.0,1.0,female,city
967,5.0,2.0,5.0,5.0,5.0,4.0,1.0,2.0,4.0,few hours a day,4.0,18.0,1.0,male,city
968,5.0,3.0,5.0,2.0,5.0,4.0,1.0,2.0,3.0,few hours a day,3.0,19.0,2.0,male,city
969,5.0,1.0,5.0,3.0,3.0,1.0,2.0,1.0,2.0,few hours a day,2.0,19.0,2.0,male,village
970,5.0,1.0,5.0,2.0,4.0,3.0,2.0,5.0,3.0,few hours a day,1.0,22.0,1.0,male,city
971,5.0,3.0,4.0,3.0,3.0,3.0,3.0,2.0,4.0,few hours a day,4.0,18.0,1.0,male,city
972,5.0,2.0,5.0,3.0,3.0,5.0,5.0,2.0,4.0,less than an hour a day,3.0,19.0,0.0,female,city
973,5.0,1.0,4.0,2.0,1.0,4.0,2.0,2.0,3.0,most of the day,4.0,20.0,2.0,female,city
974,5.0,2.0,5.0,3.0,5.0,3.0,3.0,1.0,1.0,few hours a day,3.0,21.0,0.0,female,city
975,5.0,5.0,5.0,5.0,1.0,5.0,5.0,1.0,2.0,most of the day,3.0,23.0,1.0,female,village
976,5.0,2.0,5.0,2.0,4.0,2.0,4.0,2.0,4.0,few hours a day,4.0,19.0,1.0,female,city
977,5.0,4.0,5.0,2.0,3.0,3.0,2.0,2.0,2.0,few hours a day,2.0,19.0,1.0,male,village
978,5.0,1.0,5.0,5.0,2.0,4.0,4.0,4.0,4.0,few hours a day,2.0,21.0,2.0,female,city
979,5.0,2.0,5.0,5.0,3.0,4.0,4.0,2.0,3.0,few hours a day,3.0,19.0,0.0,male,city
980,5.0,1.0,5.0,5.0,1.0,3.0,5.0,2.0,4.0,less than an hour a day,1.0,18.0,2.0,female,city
981,5.0,1.0,5.0,5.0,1.0,1.0,5.0,4.0,2.0,most of the day,5.0,19.0,1.0,female,village
982,5.0,1.0,4.0,1.0,3.0,4.0,1.0,3.0,4.0,few hours a day,2.0,18.0,2.0,male,city
983,5.0,2.0,5.0,2.0,1.0,4.0,5.0,2.0,3.0,few hours a day,2.0,22.0,2.0,female,village
984,5.0,1.0,4.0,1.0,1.0,4.0,5.0,3.0,1.0,most of the day,4.0,21.0,1.0,female,city
985,5.0,1.0,5.0,4.0,1.0,2.0,4.0,3.0,1.0,few hours a day,5.0,20.0,1.0,female,city
986,4.0,4.0,4.0,5.0,5.0,1.0,1.0,3.0,3.0,few hours a day,1.0,19.0,3.0,female,city
987,4.0,1.0,4.0,5.0,2.0,2.0,2.0,4.0,2.0,few hours a day,3.0,20.0,1.0,male,city
988,5.0,,5.0,5.0,4.0,1.0,1.0,5.0,3.0,few hours a day,1.0,19.0,0.0,male,city
989,5.0,5.0,3.0,5.0,1.0,1.0,1.0,5.0,3.0,most of the day,3.0,30.0,2.0,female,village
990,5.0,1.0,5.0,3.0,1.0,1.0,1.0,2.0,2.0,few hours a day,1.0,29.0,1.0,male,city
991,5.0,2.0,5.0,4.0,1.0,5.0,3.0,2.0,1.0,most of the day,3.0,21.0,0.0,male,city
992,4.0,5.0,4.0,5.0,5.0,1.0,5.0,3.0,3.0,most of the day,1.0,30.0,1.0,male,city
993,5.0,2.0,5.0,1.0,1.0,2.0,3.0,4.0,3.0,few hours a day,4.0,21.0,0.0,female,city
994,5.0,1.0,5.0,5.0,1.0,5.0,4.0,3.0,4.0,few hours a day,3.0,20.0,0.0,female,city
995,5.0,5.0,5.0,3.0,4.0,5.0,1.0,4.0,4.0,few hours a day,4.0,18.0,0.0,female,city
996,5.0,1.0,3.0,4.0,1.0,2.0,2.0,2.0,4.0,few hours a day,3.0,20.0,0.0,male,
997,5.0,1.0,4.0,1.0,2.0,5.0,4.0,2.0,,less than an hour a day,3.0,19.0,1.0,female,
998,5.0,5.0,5.0,3.0,5.0,1.0,1.0,2.0,3.0,few hours a day,4.0,28.0,1.0,male,city
999,5.0,5.0,4.0,4.0,5.0,1.0,2.0,3.0,3.0,few hours a day,3.0,19.0,1.0,male,city
1000,5.0,3.0,5.0,3.0,1.0,5.0,1.0,3.0,2.0,few hours a day,1.0,16.0,1.0,female,city
1001,5.0,3.0,3.0,3.0,1.0,4.0,1.0,2.0,2.0,few hours a day,2.0,18.0,2.0,female,city
1002,5.0,3.0,3.0,2.0,1.0,2.0,1.0,3.0,2.0,few hours a day,4.0,22.0,1.0,male,city
1003,4.0,4.0,5.0,3.0,1.0,5.0,4.0,3.0,4.0,few hours a day,3.0,20.0,1.0,female,city
1004,5.0,5.0,5.0,3.0,2.0,4.0,3.0,3.0,2.0,few hours a day,4.0,22.0,1.0,male,city
1005,5.0,3.0,5.0,4.0,1.0,4.0,2.0,4.0,4.0,few hours a day,3.0,20.0,1.0,female,city
1006,4.0,4.0,5.0,4.0,5.0,5.0,1.0,1.0,4.0,less than an hour a day,3.0,27.0,5.0,male,village
1007,4.0,1.0,4.0,2.0,3.0,5.0,2.0,4.0,4.0,most of the day,1.0,18.0,0.0,female,city
1008,5.0,2.0,5.0,3.0,1.0,4.0,3.0,3.0,3.0,most of the day,3.0,25.0,1.0,female,city
1009,5.0,3.0,5.0,2.0,2.0,5.0,1.0,3.0,3.0,few hours a day,5.0,21.0,1.0,male,village
